-- phpMyAdmin SQL Dump
-- version 5.2.1
-- https://www.phpmyadmin.net/
--
-- Servidor: 127.0.0.1
-- Tiempo de generación: 14-05-2026 a las 16:57:50
-- Versión del servidor: 10.4.32-MariaDB
-- Versión de PHP: 8.2.12

SET SQL_MODE = "NO_AUTO_VALUE_ON_ZERO";
START TRANSACTION;
SET time_zone = "+00:00";


/*!40101 SET @OLD_CHARACTER_SET_CLIENT=@@CHARACTER_SET_CLIENT */;
/*!40101 SET @OLD_CHARACTER_SET_RESULTS=@@CHARACTER_SET_RESULTS */;
/*!40101 SET @OLD_COLLATION_CONNECTION=@@COLLATION_CONNECTION */;
/*!40101 SET NAMES utf8mb4 */;

--
-- Base de datos: `bd_hospital`
--
DROP DATABASE IF EXISTS `bd_hospital`;
CREATE DATABASE IF NOT EXISTS `bd_hospital` DEFAULT CHARACTER SET utf8mb4 COLLATE utf8mb4_spanish_ci;
USE `bd_hospital`;

-- --------------------------------------------------------

--
-- Estructura de tabla para la tabla `cita`
--

DROP TABLE IF EXISTS `cita`;
CREATE TABLE IF NOT EXISTS `cita` (
  `idCita` int(11) NOT NULL AUTO_INCREMENT,
  `estado` varchar(30) NOT NULL,
  `motivo` varchar(255) NOT NULL,
  `fecha` date NOT NULL,
  `hora` time NOT NULL,
  `idPaciente` int(11) NOT NULL,
  `idPersonal` int(11) NOT NULL,
  PRIMARY KEY (`idCita`),
  KEY `fk_cita_paciente` (`idPaciente`),
  KEY `fk_cita_personal` (`idPersonal`)
) ENGINE=InnoDB AUTO_INCREMENT=401 DEFAULT CHARSET=utf8mb4 COLLATE=utf8mb4_spanish_ci;

--
-- Truncar tablas antes de insertar `cita`
--

TRUNCATE TABLE `cita`;
--
-- Volcado de datos para la tabla `cita`
--

INSERT INTO `cita` (`idCita`, `estado`, `motivo`, `fecha`, `hora`, `idPaciente`, `idPersonal`) VALUES
(1, 'Confirmada', 'Dolor lumbar', '2022-09-01', '13:30:00', 303, 14),
(2, 'No asistió', 'Control de tensión', '2022-04-03', '09:30:00', 230, 135),
(3, 'Cancelada', 'Rehabilitación', '2024-06-11', '12:45:00', 359, 39),
(4, 'Confirmada', 'Revisión pediátrica', '2022-06-21', '10:00:00', 304, 11),
(5, 'Realizada', 'Rehabilitación', '2024-02-16', '13:45:00', 91, 134),
(6, 'No asistió', 'Análisis de sangre', '2022-07-18', '11:30:00', 253, 97),
(7, 'Pendiente', 'Revisión pediátrica', '2024-12-11', '17:45:00', 147, 94),
(8, 'Cancelada', 'Mareos', '2023-01-01', '10:00:00', 377, 116),
(9, 'Confirmada', 'Seguimiento oncológico', '2024-11-29', '12:30:00', 51, 98),
(10, 'Realizada', 'Dolor de cabeza', '2022-08-31', '12:30:00', 250, 124),
(11, 'Confirmada', 'Dolor de cabeza', '2023-08-14', '12:00:00', 119, 36),
(12, 'Realizada', 'Control diabetes', '2022-07-16', '11:15:00', 15, 13),
(13, 'Pendiente', 'Control ginecológico', '2023-02-04', '08:45:00', 14, 104),
(14, 'Confirmada', 'Dolor lumbar', '2024-05-23', '15:15:00', 233, 86),
(15, 'Pendiente', 'Control de tensión', '2024-06-29', '14:45:00', 135, 27),
(16, 'Confirmada', 'Análisis de sangre', '2022-08-27', '13:00:00', 382, 76),
(17, 'Confirmada', 'Fiebre persistente', '2023-11-01', '10:30:00', 142, 127),
(18, 'No asistió', 'Fiebre persistente', '2023-10-07', '08:45:00', 52, 138),
(19, 'No asistió', 'Mareos', '2023-01-25', '16:00:00', 325, 22),
(20, 'Pendiente', 'Vacunación', '2022-10-08', '17:45:00', 113, 38),
(21, 'Confirmada', 'Análisis de sangre', '2024-08-20', '10:45:00', 96, 60),
(22, 'Cancelada', 'Dolor lumbar', '2022-09-27', '11:00:00', 265, 103),
(23, 'Confirmada', 'Revisión anual', '2024-06-08', '09:45:00', 286, 16),
(24, 'Confirmada', 'Dolor de cabeza', '2022-03-21', '14:30:00', 315, 105),
(25, 'No asistió', 'Vacunación', '2023-12-16', '15:15:00', 154, 99),
(26, 'Confirmada', 'Dolor lumbar', '2024-09-20', '15:45:00', 307, 101),
(27, 'No asistió', 'Consulta neurológica', '2023-08-29', '09:15:00', 58, 116),
(28, 'Realizada', 'Seguimiento oncológico', '2024-07-04', '13:15:00', 340, 117),
(29, 'Pendiente', 'Dolor de cabeza', '2024-08-09', '13:00:00', 178, 51),
(30, 'Cancelada', 'Control diabetes', '2024-09-17', '15:45:00', 352, 68),
(31, 'Pendiente', 'Dolor lumbar', '2023-07-03', '16:15:00', 210, 20),
(32, 'No asistió', 'Mareos', '2023-06-20', '18:30:00', 211, 107),
(33, 'Cancelada', 'Seguimiento oncológico', '2024-03-27', '12:00:00', 138, 131),
(34, 'Confirmada', 'Mareos', '2022-04-04', '12:45:00', 210, 63),
(35, 'No asistió', 'Dolor de cabeza', '2023-02-27', '18:00:00', 315, 16),
(36, 'Realizada', 'Control diabetes', '2022-02-10', '08:45:00', 47, 72),
(37, 'Realizada', 'Revisión dermatológica', '2022-05-10', '18:00:00', 266, 54),
(38, 'Realizada', 'Control ginecológico', '2023-02-11', '10:45:00', 368, 66),
(39, 'Realizada', 'Dolor de cabeza', '2024-02-05', '13:45:00', 111, 1),
(40, 'Confirmada', 'Revisión anual', '2022-03-15', '08:00:00', 257, 107),
(41, 'Cancelada', 'Dolor abdominal', '2022-11-18', '12:30:00', 13, 66),
(42, 'Confirmada', 'Dolor abdominal', '2023-07-12', '09:45:00', 336, 109),
(43, 'Confirmada', 'Análisis de sangre', '2022-06-23', '09:00:00', 259, 58),
(44, 'Cancelada', 'Revisión anual', '2022-01-31', '16:15:00', 49, 61),
(45, 'No asistió', 'Control oftalmológico', '2023-02-02', '17:30:00', 166, 117),
(46, 'No asistió', 'Revisión anual', '2023-09-11', '12:45:00', 104, 28),
(47, 'Realizada', 'Consulta neurológica', '2024-02-11', '12:45:00', 48, 63),
(48, 'Cancelada', 'Control ginecológico', '2023-07-25', '15:30:00', 360, 147),
(49, 'No asistió', 'Vacunación', '2024-02-23', '08:45:00', 373, 107),
(50, 'Realizada', 'Control ginecológico', '2022-08-10', '15:15:00', 296, 9),
(51, 'Cancelada', 'Vacunación', '2024-07-04', '13:45:00', 289, 29),
(52, 'Realizada', 'Mareos', '2022-10-22', '18:00:00', 49, 4),
(53, 'Confirmada', 'Revisión postoperatoria', '2024-09-30', '17:15:00', 43, 42),
(54, 'Cancelada', 'Consulta neurológica', '2024-12-07', '17:15:00', 31, 71),
(55, 'Cancelada', 'Análisis de sangre', '2024-04-23', '12:30:00', 78, 10),
(56, 'Realizada', 'Seguimiento oncológico', '2022-01-12', '12:15:00', 387, 4),
(57, 'Cancelada', 'Control ginecológico', '2024-10-20', '13:15:00', 165, 128),
(58, 'Cancelada', 'Revisión pediátrica', '2022-06-16', '09:45:00', 359, 25),
(59, 'Cancelada', 'Control diabetes', '2022-01-28', '10:00:00', 86, 53),
(60, 'Cancelada', 'Control de tensión', '2022-03-21', '14:45:00', 88, 22),
(61, 'No asistió', 'Consulta neurológica', '2022-10-14', '16:45:00', 205, 3),
(62, 'Realizada', 'Control de tensión', '2024-06-10', '12:30:00', 268, 94),
(63, 'No asistió', 'Revisión dermatológica', '2022-12-06', '10:30:00', 268, 40),
(64, 'Confirmada', 'Revisión dermatológica', '2024-11-29', '17:30:00', 242, 128),
(65, 'Confirmada', 'Mareos', '2022-10-05', '10:45:00', 6, 92),
(66, 'Cancelada', 'Dolor de cabeza', '2022-11-04', '15:00:00', 3, 91),
(67, 'Confirmada', 'Revisión postoperatoria', '2022-07-12', '16:45:00', 170, 28),
(68, 'Pendiente', 'Rehabilitación', '2022-11-17', '09:30:00', 326, 4),
(69, 'Confirmada', 'Revisión dermatológica', '2022-01-29', '11:30:00', 146, 88),
(70, 'Cancelada', 'Dolor lumbar', '2024-01-23', '17:45:00', 131, 4),
(71, 'No asistió', 'Revisión postoperatoria', '2022-06-08', '17:15:00', 53, 60),
(72, 'Confirmada', 'Análisis de sangre', '2023-01-01', '12:00:00', 65, 83),
(73, 'No asistió', 'Control oftalmológico', '2023-11-08', '17:30:00', 378, 113),
(74, 'No asistió', 'Consulta neurológica', '2023-03-05', '10:00:00', 119, 57),
(75, 'Pendiente', 'Control diabetes', '2022-10-21', '10:45:00', 1, 94),
(76, 'Pendiente', 'Dolor abdominal', '2022-10-08', '16:45:00', 218, 36),
(77, 'Cancelada', 'Mareos', '2023-09-12', '16:00:00', 124, 4),
(78, 'Cancelada', 'Control oftalmológico', '2024-02-29', '15:30:00', 160, 99),
(79, 'No asistió', 'Mareos', '2024-12-22', '09:15:00', 86, 32),
(80, 'Realizada', 'Control diabetes', '2024-06-14', '16:45:00', 251, 41),
(81, 'Realizada', 'Control de tensión', '2024-06-10', '18:30:00', 92, 9),
(82, 'Realizada', 'Rehabilitación', '2023-12-10', '14:15:00', 316, 4),
(83, 'Confirmada', 'Control oftalmológico', '2024-02-06', '10:00:00', 101, 124),
(84, 'Realizada', 'Revisión pediátrica', '2023-02-04', '08:30:00', 169, 28),
(85, 'Realizada', 'Análisis de sangre', '2024-10-26', '08:30:00', 18, 33),
(86, 'Realizada', 'Consulta neurológica', '2024-03-26', '08:30:00', 141, 22),
(87, 'Pendiente', 'Revisión anual', '2024-08-22', '17:45:00', 252, 49),
(88, 'Cancelada', 'Control ginecológico', '2022-08-01', '08:30:00', 15, 16),
(89, 'Confirmada', 'Dolor de cabeza', '2022-09-27', '09:45:00', 62, 20),
(90, 'Cancelada', 'Dolor abdominal', '2023-10-06', '09:30:00', 100, 34),
(91, 'No asistió', 'Revisión anual', '2023-11-13', '18:30:00', 364, 47),
(92, 'No asistió', 'Revisión dermatológica', '2024-11-23', '08:45:00', 214, 99),
(93, 'Pendiente', 'Fiebre persistente', '2023-01-31', '16:15:00', 374, 80),
(94, 'Pendiente', 'Dolor de cabeza', '2024-06-27', '08:30:00', 312, 53),
(95, 'No asistió', 'Seguimiento oncológico', '2022-12-21', '18:00:00', 160, 81),
(96, 'No asistió', 'Revisión dermatológica', '2022-08-30', '13:45:00', 291, 99),
(97, 'Pendiente', 'Rehabilitación', '2022-06-30', '09:00:00', 94, 60),
(98, 'Pendiente', 'Dolor de cabeza', '2023-10-13', '17:00:00', 393, 47),
(99, 'Pendiente', 'Revisión postoperatoria', '2024-02-07', '15:00:00', 371, 75),
(100, 'Realizada', 'Revisión postoperatoria', '2022-09-29', '12:00:00', 195, 55),
(101, 'Realizada', 'Dolor de cabeza', '2023-07-26', '10:30:00', 212, 63),
(102, 'Confirmada', 'Análisis de sangre', '2023-02-13', '10:30:00', 133, 51),
(103, 'Cancelada', 'Análisis de sangre', '2022-07-09', '15:30:00', 297, 102),
(104, 'Realizada', 'Revisión pediátrica', '2024-07-09', '18:15:00', 19, 93),
(105, 'No asistió', 'Control oftalmológico', '2022-11-15', '16:15:00', 360, 118),
(106, 'Realizada', 'Dolor lumbar', '2023-03-01', '13:30:00', 47, 134),
(107, 'Confirmada', 'Análisis de sangre', '2023-03-23', '15:30:00', 17, 137),
(108, 'Pendiente', 'Revisión pediátrica', '2023-01-17', '15:15:00', 240, 11),
(109, 'Realizada', 'Revisión dermatológica', '2024-02-13', '18:00:00', 166, 51),
(110, 'Pendiente', 'Revisión dermatológica', '2022-01-17', '10:45:00', 244, 96),
(111, 'Realizada', 'Control de tensión', '2023-01-19', '13:30:00', 84, 128),
(112, 'No asistió', 'Dolor de cabeza', '2022-02-14', '15:45:00', 304, 6),
(113, 'Cancelada', 'Control oftalmológico', '2024-08-27', '11:30:00', 371, 104),
(114, 'No asistió', 'Mareos', '2024-09-15', '18:45:00', 154, 12),
(115, 'Confirmada', 'Revisión pediátrica', '2022-08-09', '14:45:00', 397, 80),
(116, 'No asistió', 'Control oftalmológico', '2022-02-28', '10:15:00', 154, 120),
(117, 'No asistió', 'Revisión pediátrica', '2023-02-11', '17:15:00', 67, 35),
(118, 'Realizada', 'Dolor abdominal', '2022-07-05', '12:15:00', 178, 127),
(119, 'Cancelada', 'Dolor de cabeza', '2024-08-01', '08:15:00', 103, 120),
(120, 'Confirmada', 'Dolor lumbar', '2023-09-22', '09:15:00', 121, 103),
(121, 'Confirmada', 'Seguimiento oncológico', '2022-07-04', '11:15:00', 351, 4),
(122, 'Realizada', 'Revisión anual', '2024-09-04', '10:30:00', 52, 129),
(123, 'No asistió', 'Control oftalmológico', '2023-03-12', '15:45:00', 238, 55),
(124, 'Confirmada', 'Control de tensión', '2024-03-04', '10:30:00', 391, 138),
(125, 'Confirmada', 'Control oftalmológico', '2023-11-01', '12:45:00', 306, 107),
(126, 'No asistió', 'Fiebre persistente', '2023-12-12', '15:00:00', 114, 120),
(127, 'No asistió', 'Dolor de cabeza', '2023-04-27', '13:30:00', 175, 133),
(128, 'Pendiente', 'Control oftalmológico', '2022-06-08', '18:15:00', 71, 132),
(129, 'Confirmada', 'Dolor abdominal', '2023-03-09', '12:45:00', 48, 97),
(130, 'Cancelada', 'Dolor de cabeza', '2024-05-21', '10:30:00', 160, 106),
(131, 'Cancelada', 'Dolor abdominal', '2023-06-19', '14:15:00', 84, 107),
(132, 'No asistió', 'Control de tensión', '2024-08-10', '09:30:00', 352, 60),
(133, 'Pendiente', 'Control oftalmológico', '2022-01-26', '10:30:00', 66, 6),
(134, 'No asistió', 'Control oftalmológico', '2024-07-20', '08:45:00', 335, 36),
(135, 'Cancelada', 'Seguimiento oncológico', '2022-04-22', '12:45:00', 133, 61),
(136, 'Pendiente', 'Rehabilitación', '2024-10-25', '13:45:00', 365, 96),
(137, 'No asistió', 'Revisión dermatológica', '2022-08-17', '10:45:00', 273, 70),
(138, 'Cancelada', 'Fiebre persistente', '2022-11-04', '08:30:00', 363, 11),
(139, 'Realizada', 'Revisión postoperatoria', '2024-11-20', '17:45:00', 223, 15),
(140, 'Cancelada', 'Dolor lumbar', '2022-03-23', '09:45:00', 236, 102),
(141, 'Pendiente', 'Revisión dermatológica', '2023-06-01', '14:30:00', 346, 86),
(142, 'Pendiente', 'Control ginecológico', '2023-07-02', '10:30:00', 183, 111),
(143, 'Pendiente', 'Rehabilitación', '2023-10-27', '12:00:00', 306, 30),
(144, 'Realizada', 'Dolor abdominal', '2024-12-24', '14:15:00', 90, 26),
(145, 'No asistió', 'Control de tensión', '2022-09-16', '10:45:00', 221, 122),
(146, 'Realizada', 'Revisión dermatológica', '2024-07-27', '17:15:00', 376, 88),
(147, 'No asistió', 'Rehabilitación', '2022-03-25', '09:30:00', 191, 10),
(148, 'Confirmada', 'Control de tensión', '2024-02-22', '16:00:00', 173, 137),
(149, 'Realizada', 'Seguimiento oncológico', '2024-03-31', '08:15:00', 383, 77),
(150, 'Pendiente', 'Seguimiento oncológico', '2022-08-27', '11:30:00', 156, 16),
(151, 'No asistió', 'Control ginecológico', '2023-05-15', '08:30:00', 294, 129),
(152, 'Confirmada', 'Seguimiento oncológico', '2023-07-17', '10:30:00', 257, 36),
(153, 'Pendiente', 'Control oftalmológico', '2023-01-07', '18:30:00', 140, 2),
(154, 'Cancelada', 'Revisión postoperatoria', '2022-02-08', '14:15:00', 141, 80),
(155, 'Cancelada', 'Mareos', '2022-07-18', '11:15:00', 10, 55),
(156, 'Realizada', 'Vacunación', '2022-05-11', '17:30:00', 373, 56),
(157, 'No asistió', 'Rehabilitación', '2024-05-11', '18:30:00', 278, 106),
(158, 'Cancelada', 'Control ginecológico', '2022-01-26', '13:30:00', 164, 98),
(159, 'Cancelada', 'Control diabetes', '2024-08-04', '15:15:00', 273, 51),
(160, 'Confirmada', 'Control oftalmológico', '2023-06-08', '14:00:00', 339, 103),
(161, 'No asistió', 'Fiebre persistente', '2024-09-23', '16:30:00', 43, 54),
(162, 'No asistió', 'Revisión dermatológica', '2023-09-15', '12:30:00', 232, 38),
(163, 'Cancelada', 'Revisión anual', '2022-11-16', '17:15:00', 320, 101),
(164, 'No asistió', 'Seguimiento oncológico', '2024-04-30', '08:30:00', 285, 62),
(165, 'Cancelada', 'Vacunación', '2024-02-08', '16:15:00', 194, 14),
(166, 'Pendiente', 'Control de tensión', '2024-03-21', '11:15:00', 57, 6),
(167, 'Realizada', 'Dolor de cabeza', '2022-11-22', '14:45:00', 181, 67),
(168, 'Confirmada', 'Seguimiento oncológico', '2023-07-26', '13:30:00', 323, 29),
(169, 'Realizada', 'Revisión pediátrica', '2024-12-26', '14:15:00', 207, 132),
(170, 'Cancelada', 'Dolor lumbar', '2024-07-09', '10:15:00', 205, 82),
(171, 'Pendiente', 'Control ginecológico', '2023-11-16', '15:15:00', 350, 135),
(172, 'Pendiente', 'Control oftalmológico', '2024-05-06', '14:45:00', 97, 32),
(173, 'Pendiente', 'Vacunación', '2022-10-11', '17:00:00', 307, 6),
(174, 'Cancelada', 'Revisión anual', '2023-10-28', '17:15:00', 86, 5),
(175, 'Cancelada', 'Fiebre persistente', '2024-01-29', '08:45:00', 283, 134),
(176, 'Confirmada', 'Dolor de cabeza', '2024-07-26', '13:15:00', 90, 129),
(177, 'Confirmada', 'Mareos', '2022-09-29', '12:00:00', 16, 54),
(178, 'No asistió', 'Rehabilitación', '2024-07-29', '11:45:00', 124, 76),
(179, 'Confirmada', 'Rehabilitación', '2024-10-21', '18:00:00', 310, 99),
(180, 'Realizada', 'Dolor de cabeza', '2023-05-17', '15:00:00', 4, 62),
(181, 'Pendiente', 'Seguimiento oncológico', '2024-11-30', '15:45:00', 37, 73),
(182, 'Cancelada', 'Análisis de sangre', '2022-09-05', '17:00:00', 225, 130),
(183, 'Pendiente', 'Dolor lumbar', '2024-03-26', '08:30:00', 205, 56),
(184, 'No asistió', 'Rehabilitación', '2024-05-27', '09:00:00', 75, 100),
(185, 'Realizada', 'Control de tensión', '2022-12-13', '13:45:00', 337, 97),
(186, 'Confirmada', 'Vacunación', '2024-09-15', '11:30:00', 50, 96),
(187, 'Pendiente', 'Rehabilitación', '2024-10-03', '11:30:00', 176, 86),
(188, 'Cancelada', 'Mareos', '2024-07-11', '12:30:00', 305, 10),
(189, 'Confirmada', 'Control diabetes', '2024-12-04', '12:00:00', 114, 116),
(190, 'Realizada', 'Revisión dermatológica', '2023-08-20', '12:15:00', 291, 32),
(191, 'Realizada', 'Consulta neurológica', '2024-06-19', '18:30:00', 80, 62),
(192, 'Confirmada', 'Control diabetes', '2023-08-22', '14:30:00', 327, 66),
(193, 'Pendiente', 'Revisión postoperatoria', '2023-09-13', '10:00:00', 133, 102),
(194, 'No asistió', 'Revisión pediátrica', '2024-04-11', '15:15:00', 177, 33),
(195, 'Confirmada', 'Revisión pediátrica', '2023-10-06', '16:30:00', 194, 112),
(196, 'Cancelada', 'Dolor de cabeza', '2024-12-11', '15:15:00', 248, 122),
(197, 'Cancelada', 'Revisión anual', '2022-05-13', '13:15:00', 159, 54),
(198, 'Confirmada', 'Control diabetes', '2023-07-24', '17:00:00', 333, 53),
(199, 'Realizada', 'Consulta neurológica', '2024-07-29', '17:00:00', 383, 100),
(200, 'No asistió', 'Vacunación', '2023-02-19', '13:00:00', 205, 22),
(201, 'Pendiente', 'Mareos', '2024-11-05', '09:30:00', 284, 147),
(202, 'No asistió', 'Fiebre persistente', '2022-04-25', '15:15:00', 126, 77),
(203, 'Confirmada', 'Vacunación', '2023-04-13', '15:15:00', 21, 14),
(204, 'Realizada', 'Control ginecológico', '2023-07-23', '09:15:00', 376, 93),
(205, 'Pendiente', 'Control diabetes', '2024-12-06', '12:00:00', 107, 66),
(206, 'Confirmada', 'Consulta neurológica', '2024-08-08', '09:00:00', 164, 76),
(207, 'Pendiente', 'Revisión postoperatoria', '2024-09-06', '09:45:00', 43, 129),
(208, 'Confirmada', 'Control de tensión', '2023-03-17', '17:45:00', 154, 5),
(209, 'Pendiente', 'Seguimiento oncológico', '2022-08-17', '15:15:00', 302, 85),
(210, 'No asistió', 'Rehabilitación', '2022-01-02', '12:45:00', 308, 80),
(211, 'Cancelada', 'Dolor de cabeza', '2023-11-05', '16:45:00', 264, 82),
(212, 'Realizada', 'Análisis de sangre', '2024-12-25', '11:30:00', 141, 38),
(213, 'No asistió', 'Revisión pediátrica', '2023-09-25', '18:45:00', 58, 67),
(214, 'Confirmada', 'Consulta neurológica', '2022-01-14', '13:45:00', 254, 44),
(215, 'Confirmada', 'Fiebre persistente', '2024-06-03', '18:30:00', 49, 137),
(216, 'Cancelada', 'Mareos', '2023-01-10', '11:00:00', 391, 66),
(217, 'Confirmada', 'Dolor lumbar', '2024-10-24', '12:30:00', 393, 144),
(218, 'Cancelada', 'Control de tensión', '2023-09-07', '17:15:00', 293, 38),
(219, 'Confirmada', 'Mareos', '2022-11-17', '11:45:00', 88, 103),
(220, 'Confirmada', 'Dolor de cabeza', '2023-10-29', '16:45:00', 335, 13),
(221, 'Cancelada', 'Análisis de sangre', '2023-04-14', '12:45:00', 156, 104),
(222, 'Confirmada', 'Dolor lumbar', '2023-11-15', '13:30:00', 231, 91),
(223, 'Cancelada', 'Control oftalmológico', '2024-05-04', '08:45:00', 29, 110),
(224, 'Realizada', 'Control diabetes', '2024-07-24', '12:00:00', 361, 53),
(225, 'Confirmada', 'Análisis de sangre', '2023-08-27', '13:00:00', 165, 117),
(226, 'Cancelada', 'Mareos', '2023-02-13', '11:45:00', 141, 29),
(227, 'Pendiente', 'Vacunación', '2022-11-25', '13:45:00', 370, 11),
(228, 'Cancelada', 'Dolor abdominal', '2024-03-09', '15:15:00', 144, 14),
(229, 'No asistió', 'Control oftalmológico', '2022-05-02', '09:00:00', 328, 97),
(230, 'Realizada', 'Control ginecológico', '2024-01-27', '15:30:00', 57, 129),
(231, 'Confirmada', 'Fiebre persistente', '2023-10-27', '14:15:00', 78, 11),
(232, 'Realizada', 'Revisión postoperatoria', '2022-06-30', '15:15:00', 168, 6),
(233, 'No asistió', 'Análisis de sangre', '2024-12-23', '12:00:00', 72, 71),
(234, 'Pendiente', 'Mareos', '2024-01-10', '15:15:00', 95, 94),
(235, 'Cancelada', 'Vacunación', '2024-08-01', '13:30:00', 102, 38),
(236, 'Realizada', 'Análisis de sangre', '2022-02-17', '10:00:00', 329, 110),
(237, 'Cancelada', 'Control oftalmológico', '2024-09-23', '08:00:00', 263, 104),
(238, 'Pendiente', 'Seguimiento oncológico', '2022-03-07', '16:30:00', 276, 131),
(239, 'Realizada', 'Mareos', '2022-05-18', '09:00:00', 286, 72),
(240, 'Pendiente', 'Control ginecológico', '2022-11-21', '16:00:00', 294, 137),
(241, 'Cancelada', 'Revisión postoperatoria', '2022-05-30', '18:45:00', 142, 128),
(242, 'Cancelada', 'Control diabetes', '2023-11-08', '09:15:00', 332, 6),
(243, 'Realizada', 'Rehabilitación', '2024-12-16', '14:00:00', 206, 6),
(244, 'Realizada', 'Revisión anual', '2024-03-09', '08:00:00', 116, 94),
(245, 'Cancelada', 'Control diabetes', '2023-06-15', '11:30:00', 273, 127),
(246, 'Confirmada', 'Revisión dermatológica', '2022-11-09', '11:15:00', 106, 91),
(247, 'Confirmada', 'Control de tensión', '2022-02-23', '16:00:00', 400, 37),
(248, 'No asistió', 'Revisión dermatológica', '2022-05-22', '13:30:00', 118, 35),
(249, 'Confirmada', 'Revisión postoperatoria', '2023-09-13', '10:45:00', 139, 66),
(250, 'Confirmada', 'Revisión dermatológica', '2022-02-25', '10:45:00', 64, 93),
(251, 'Cancelada', 'Revisión anual', '2024-06-28', '11:45:00', 26, 126),
(252, 'Cancelada', 'Control oftalmológico', '2023-02-11', '11:45:00', 303, 87),
(253, 'Pendiente', 'Fiebre persistente', '2022-12-25', '16:00:00', 84, 67),
(254, 'Confirmada', 'Control de tensión', '2024-09-28', '17:30:00', 384, 92),
(255, 'Cancelada', 'Revisión postoperatoria', '2023-03-07', '09:30:00', 245, 77),
(256, 'No asistió', 'Control de tensión', '2024-07-24', '08:00:00', 195, 83),
(257, 'Cancelada', 'Control oftalmológico', '2022-07-24', '13:30:00', 159, 99),
(258, 'Pendiente', 'Seguimiento oncológico', '2023-09-08', '11:00:00', 334, 33),
(259, 'Cancelada', 'Consulta neurológica', '2022-02-02', '12:30:00', 24, 42),
(260, 'Confirmada', 'Dolor de cabeza', '2022-01-19', '10:15:00', 72, 41),
(261, 'Cancelada', 'Dolor abdominal', '2022-05-06', '17:15:00', 379, 35),
(262, 'Realizada', 'Revisión dermatológica', '2024-04-29', '10:45:00', 89, 49),
(263, 'No asistió', 'Control diabetes', '2023-01-07', '13:00:00', 84, 9),
(264, 'Cancelada', 'Revisión postoperatoria', '2023-09-19', '14:30:00', 136, 21),
(265, 'Realizada', 'Revisión anual', '2022-02-22', '13:00:00', 241, 10),
(266, 'Confirmada', 'Seguimiento oncológico', '2022-04-06', '16:45:00', 391, 13),
(267, 'No asistió', 'Dolor de cabeza', '2022-11-20', '09:00:00', 179, 122),
(268, 'Confirmada', 'Fiebre persistente', '2024-05-09', '09:00:00', 244, 128),
(269, 'Cancelada', 'Control ginecológico', '2024-06-20', '10:00:00', 160, 129),
(270, 'Cancelada', 'Análisis de sangre', '2022-09-20', '13:30:00', 315, 36),
(271, 'Pendiente', 'Consulta neurológica', '2024-10-06', '17:15:00', 65, 63),
(272, 'No asistió', 'Control diabetes', '2022-10-20', '11:00:00', 381, 28),
(273, 'Cancelada', 'Dolor lumbar', '2022-08-04', '11:15:00', 129, 50),
(274, 'Realizada', 'Mareos', '2024-08-04', '18:30:00', 390, 125),
(275, 'Confirmada', 'Mareos', '2024-05-14', '13:15:00', 297, 61),
(276, 'Pendiente', 'Control oftalmológico', '2022-04-09', '11:15:00', 8, 42),
(277, 'Pendiente', 'Vacunación', '2022-11-28', '14:30:00', 6, 6),
(278, 'Cancelada', 'Consulta neurológica', '2023-12-06', '11:45:00', 232, 57),
(279, 'Cancelada', 'Análisis de sangre', '2024-06-19', '09:30:00', 336, 71),
(280, 'No asistió', 'Mareos', '2023-11-22', '10:30:00', 175, 85),
(281, 'Cancelada', 'Control ginecológico', '2024-07-23', '18:00:00', 343, 103),
(282, 'Realizada', 'Revisión pediátrica', '2023-06-23', '09:30:00', 219, 33),
(283, 'Pendiente', 'Control ginecológico', '2022-09-16', '09:15:00', 235, 93),
(284, 'Pendiente', 'Control de tensión', '2023-08-29', '10:30:00', 158, 126),
(285, 'Cancelada', 'Control ginecológico', '2022-06-19', '16:15:00', 204, 87),
(286, 'No asistió', 'Revisión postoperatoria', '2022-10-18', '18:15:00', 398, 7),
(287, 'Confirmada', 'Revisión dermatológica', '2024-12-12', '17:15:00', 289, 112),
(288, 'No asistió', 'Revisión pediátrica', '2022-04-07', '16:30:00', 277, 66),
(289, 'No asistió', 'Dolor de cabeza', '2024-02-06', '10:00:00', 349, 47),
(290, 'No asistió', 'Vacunación', '2022-11-08', '16:45:00', 104, 81),
(291, 'Pendiente', 'Control oftalmológico', '2023-08-31', '14:45:00', 244, 128),
(292, 'Realizada', 'Control diabetes', '2023-09-07', '08:00:00', 129, 55),
(293, 'No asistió', 'Dolor lumbar', '2023-03-04', '17:00:00', 31, 67),
(294, 'Cancelada', 'Control diabetes', '2022-10-22', '15:15:00', 392, 85),
(295, 'Confirmada', 'Control oftalmológico', '2022-11-23', '18:45:00', 201, 11),
(296, 'Confirmada', 'Vacunación', '2023-12-19', '09:15:00', 142, 39),
(297, 'Cancelada', 'Control de tensión', '2022-11-07', '11:45:00', 73, 38),
(298, 'Realizada', 'Mareos', '2022-01-23', '18:00:00', 267, 91),
(299, 'No asistió', 'Control de tensión', '2024-08-22', '11:45:00', 153, 88),
(300, 'Pendiente', 'Control ginecológico', '2024-07-19', '10:00:00', 387, 135),
(301, 'Realizada', 'Análisis de sangre', '2022-03-25', '14:30:00', 58, 22),
(302, 'Cancelada', 'Seguimiento oncológico', '2022-12-11', '15:30:00', 116, 143),
(303, 'Pendiente', 'Fiebre persistente', '2024-01-13', '11:45:00', 360, 118),
(304, 'Cancelada', 'Dolor abdominal', '2022-08-04', '12:30:00', 129, 32),
(305, 'No asistió', 'Mareos', '2024-05-09', '18:30:00', 183, 26),
(306, 'Pendiente', 'Control de tensión', '2024-09-21', '11:45:00', 114, 11),
(307, 'Cancelada', 'Análisis de sangre', '2022-08-01', '15:45:00', 311, 143),
(308, 'Cancelada', 'Dolor abdominal', '2022-08-09', '17:00:00', 295, 28),
(309, 'Pendiente', 'Vacunación', '2024-01-09', '17:45:00', 202, 56),
(310, 'Pendiente', 'Revisión dermatológica', '2024-06-20', '15:00:00', 205, 87),
(311, 'Cancelada', 'Revisión anual', '2023-03-19', '17:15:00', 13, 22),
(312, 'Realizada', 'Control de tensión', '2023-08-22', '14:00:00', 374, 127),
(313, 'Realizada', 'Revisión dermatológica', '2023-12-06', '13:15:00', 142, 126),
(314, 'Pendiente', 'Mareos', '2024-07-27', '18:30:00', 394, 76),
(315, 'Confirmada', 'Revisión postoperatoria', '2023-10-22', '14:30:00', 400, 87),
(316, 'Confirmada', 'Consulta neurológica', '2022-07-02', '13:30:00', 316, 147),
(317, 'Confirmada', 'Mareos', '2023-09-19', '09:00:00', 328, 109),
(318, 'Realizada', 'Consulta neurológica', '2023-01-17', '14:15:00', 136, 103),
(319, 'Cancelada', 'Revisión dermatológica', '2023-11-22', '15:30:00', 387, 44),
(320, 'Confirmada', 'Mareos', '2022-02-02', '09:15:00', 298, 91),
(321, 'No asistió', 'Control ginecológico', '2023-08-30', '16:15:00', 204, 21),
(322, 'Pendiente', 'Revisión postoperatoria', '2022-07-11', '09:45:00', 135, 42),
(323, 'Realizada', 'Control ginecológico', '2023-12-26', '14:15:00', 198, 29),
(324, 'Realizada', 'Fiebre persistente', '2023-10-26', '11:45:00', 21, 75),
(325, 'No asistió', 'Control diabetes', '2023-07-15', '08:45:00', 115, 93),
(326, 'Confirmada', 'Vacunación', '2023-04-08', '15:15:00', 75, 3),
(327, 'Realizada', 'Vacunación', '2022-02-12', '17:45:00', 225, 111),
(328, 'No asistió', 'Control ginecológico', '2023-01-29', '14:15:00', 266, 8),
(329, 'Cancelada', 'Control oftalmológico', '2023-06-20', '13:30:00', 221, 104),
(330, 'Realizada', 'Vacunación', '2023-10-18', '16:30:00', 40, 41),
(331, 'Confirmada', 'Mareos', '2023-05-21', '16:15:00', 50, 136),
(332, 'No asistió', 'Consulta neurológica', '2023-10-05', '09:15:00', 369, 98),
(333, 'No asistió', 'Vacunación', '2024-08-10', '12:00:00', 236, 21),
(334, 'Cancelada', 'Consulta neurológica', '2024-06-12', '09:15:00', 12, 4),
(335, 'Cancelada', 'Control ginecológico', '2022-04-28', '13:45:00', 362, 42),
(336, 'Pendiente', 'Revisión dermatológica', '2022-05-14', '12:30:00', 373, 9),
(337, 'No asistió', 'Consulta neurológica', '2024-06-01', '10:45:00', 111, 35),
(338, 'Cancelada', 'Dolor lumbar', '2023-09-16', '13:15:00', 292, 83),
(339, 'No asistió', 'Seguimiento oncológico', '2022-10-23', '16:30:00', 4, 16),
(340, 'Pendiente', 'Revisión dermatológica', '2022-09-03', '09:00:00', 272, 110),
(341, 'Confirmada', 'Revisión postoperatoria', '2023-05-25', '17:15:00', 93, 9),
(342, 'Cancelada', 'Control de tensión', '2023-11-11', '09:00:00', 207, 6),
(343, 'Cancelada', 'Seguimiento oncológico', '2024-02-20', '15:15:00', 176, 50),
(344, 'Pendiente', 'Dolor lumbar', '2023-12-29', '10:45:00', 130, 132),
(345, 'Pendiente', 'Dolor de cabeza', '2023-06-18', '14:15:00', 117, 98),
(346, 'Pendiente', 'Mareos', '2024-07-14', '09:30:00', 11, 116),
(347, 'No asistió', 'Dolor abdominal', '2022-05-02', '18:30:00', 49, 47),
(348, 'Pendiente', 'Revisión pediátrica', '2022-01-26', '08:30:00', 197, 91),
(349, 'Pendiente', 'Revisión dermatológica', '2022-05-23', '10:15:00', 326, 21),
(350, 'Cancelada', 'Dolor de cabeza', '2023-03-24', '13:00:00', 350, 135),
(351, 'Confirmada', 'Revisión dermatológica', '2022-12-29', '15:15:00', 260, 43),
(352, 'Cancelada', 'Revisión anual', '2022-03-21', '16:00:00', 160, 138),
(353, 'Realizada', 'Control de tensión', '2023-12-16', '18:15:00', 303, 143),
(354, 'Confirmada', 'Control de tensión', '2024-10-16', '11:15:00', 314, 136),
(355, 'Realizada', 'Rehabilitación', '2024-03-07', '15:00:00', 343, 1),
(356, 'Pendiente', 'Mareos', '2023-05-20', '13:15:00', 123, 87),
(357, 'Cancelada', 'Revisión postoperatoria', '2024-04-07', '08:30:00', 31, 136),
(358, 'Cancelada', 'Control de tensión', '2024-11-30', '09:30:00', 270, 5),
(359, 'No asistió', 'Control ginecológico', '2024-12-04', '14:15:00', 145, 94),
(360, 'Confirmada', 'Rehabilitación', '2023-02-10', '12:45:00', 207, 118),
(361, 'Cancelada', 'Fiebre persistente', '2024-10-01', '08:45:00', 54, 94),
(362, 'No asistió', 'Consulta neurológica', '2024-03-07', '12:45:00', 395, 82),
(363, 'Pendiente', 'Revisión pediátrica', '2022-03-27', '11:00:00', 158, 122),
(364, 'No asistió', 'Control ginecológico', '2022-12-22', '18:30:00', 379, 15),
(365, 'No asistió', 'Revisión anual', '2022-04-07', '12:45:00', 97, 101),
(366, 'No asistió', 'Dolor abdominal', '2024-06-07', '16:15:00', 261, 104),
(367, 'Pendiente', 'Revisión postoperatoria', '2022-07-22', '15:15:00', 114, 56),
(368, 'Realizada', 'Fiebre persistente', '2023-02-21', '15:15:00', 293, 32),
(369, 'No asistió', 'Revisión anual', '2022-04-03', '14:15:00', 353, 30),
(370, 'Realizada', 'Revisión anual', '2023-05-08', '18:30:00', 91, 106),
(371, 'Confirmada', 'Revisión dermatológica', '2024-04-03', '08:15:00', 73, 13),
(372, 'Confirmada', 'Análisis de sangre', '2024-05-15', '18:30:00', 105, 116),
(373, 'Realizada', 'Seguimiento oncológico', '2022-01-21', '14:45:00', 194, 81),
(374, 'Confirmada', 'Consulta neurológica', '2023-06-04', '17:00:00', 321, 41),
(375, 'Cancelada', 'Dolor abdominal', '2024-07-08', '10:15:00', 37, 32),
(376, 'Pendiente', 'Control de tensión', '2022-11-22', '15:00:00', 94, 147),
(377, 'Realizada', 'Dolor de cabeza', '2023-06-10', '18:45:00', 146, 147),
(378, 'Realizada', 'Dolor lumbar', '2023-06-20', '09:00:00', 203, 88),
(379, 'Confirmada', 'Fiebre persistente', '2024-10-16', '11:15:00', 266, 10),
(380, 'Cancelada', 'Consulta neurológica', '2022-08-12', '09:15:00', 20, 93),
(381, 'Cancelada', 'Dolor de cabeza', '2022-06-21', '09:15:00', 224, 16),
(382, 'Realizada', 'Rehabilitación', '2022-10-20', '15:00:00', 340, 138),
(383, 'No asistió', 'Revisión postoperatoria', '2023-03-07', '13:00:00', 292, 3),
(384, 'Confirmada', 'Mareos', '2023-05-29', '10:30:00', 237, 53),
(385, 'Pendiente', 'Control oftalmológico', '2024-02-18', '10:30:00', 259, 24),
(386, 'Confirmada', 'Dolor de cabeza', '2023-02-03', '13:45:00', 13, 113),
(387, 'Cancelada', 'Fiebre persistente', '2023-05-19', '17:30:00', 286, 44),
(388, 'Confirmada', 'Control ginecológico', '2023-10-13', '08:00:00', 351, 24),
(389, 'Cancelada', 'Revisión pediátrica', '2024-12-30', '08:15:00', 371, 138),
(390, 'Realizada', 'Revisión dermatológica', '2022-03-20', '10:00:00', 351, 66),
(391, 'Pendiente', 'Control oftalmológico', '2022-01-08', '17:00:00', 199, 71),
(392, 'No asistió', 'Control de tensión', '2023-04-05', '18:00:00', 289, 150),
(393, 'Pendiente', 'Revisión anual', '2024-09-02', '17:45:00', 145, 40),
(394, 'No asistió', 'Control oftalmológico', '2024-07-09', '11:45:00', 314, 77),
(395, 'Realizada', 'Rehabilitación', '2024-09-08', '10:45:00', 275, 116),
(396, 'Realizada', 'Vacunación', '2022-10-23', '12:15:00', 199, 77),
(397, 'Confirmada', 'Revisión dermatológica', '2022-02-12', '14:30:00', 74, 12),
(398, 'Cancelada', 'Seguimiento oncológico', '2023-04-10', '14:15:00', 321, 101),
(399, 'Confirmada', 'Control oftalmológico', '2024-05-12', '14:45:00', 376, 126),
(400, 'Cancelada', 'Control oftalmológico', '2024-08-07', '13:30:00', 167, 36);

-- --------------------------------------------------------

--
-- Estructura de tabla para la tabla `departamento`
--

DROP TABLE IF EXISTS `departamento`;
CREATE TABLE IF NOT EXISTS `departamento` (
  `idDepartamento` int(11) NOT NULL AUTO_INCREMENT,
  `nombre` varchar(50) NOT NULL,
  `ubicacion` varchar(150) NOT NULL,
  `telefono` varchar(9) DEFAULT NULL,
  PRIMARY KEY (`idDepartamento`)
) ENGINE=InnoDB AUTO_INCREMENT=21 DEFAULT CHARSET=utf8mb4 COLLATE=utf8mb4_spanish_ci;

--
-- Truncar tablas antes de insertar `departamento`
--

TRUNCATE TABLE `departamento`;
--
-- Volcado de datos para la tabla `departamento`
--

INSERT INTO `departamento` (`idDepartamento`, `nombre`, `ubicacion`, `telefono`) VALUES
(1, 'Urgencias', 'Planta Baja, Ala Norte', '912345678'),
(2, 'Cardiología', 'Planta 2, Ala Este', '912345679'),
(3, 'Neurología', 'Planta 3, Ala Oeste', '912345680'),
(4, 'Pediatría', 'Planta 1, Ala Sur', '912345681'),
(5, 'Traumatología', 'Planta 2, Ala Norte', '912345682'),
(6, 'Ginecología', 'Planta 4, Ala Este', '912345683'),
(7, 'Oncología', 'Planta 5, Ala Oeste', '912345684'),
(8, 'Dermatología', 'Planta 1, Ala Norte', '912345685'),
(9, 'Oftalmología', 'Planta 1, Ala Este', '912345686'),
(10, 'Digestivo', 'Planta 3, Ala Norte', '912345687'),
(11, 'Endocrinología', 'Planta 4, Ala Norte', '912345688'),
(12, 'Reumatología', 'Planta 4, Ala Sur', '912345689'),
(13, 'Neumología', 'Planta 3, Ala Sur', '912345690'),
(14, 'Psiquiatría', 'Planta 5, Ala Norte', '912345691'),
(15, 'UCI', 'Planta Baja, Ala Sur', '912345692'),
(16, 'Rehabilitación', 'Planta 1, Ala Oeste', '912345693'),
(17, 'Radiología', 'Sótano 1, Ala Norte', '912345694'),
(18, 'Laboratorio', 'Sótano 1, Ala Sur', '912345695'),
(19, 'Farmacia', 'Planta Baja, Ala Este', '912345696'),
(20, 'Administración', 'Planta Baja, Ala Oeste', '912345697');

-- --------------------------------------------------------

--
-- Estructura de tabla para la tabla `doctor`
--

DROP TABLE IF EXISTS `doctor`;
CREATE TABLE IF NOT EXISTS `doctor` (
  `idPersonal` int(11) NOT NULL,
  `especialidad` varchar(50) NOT NULL,
  `medicoDeCabecera` tinyint(1) NOT NULL DEFAULT 0,
  PRIMARY KEY (`idPersonal`)
) ENGINE=InnoDB DEFAULT CHARSET=utf8mb4 COLLATE=utf8mb4_spanish_ci;

--
-- Truncar tablas antes de insertar `doctor`
--

TRUNCATE TABLE `doctor`;
--
-- Volcado de datos para la tabla `doctor`
--

INSERT INTO `doctor` (`idPersonal`, `especialidad`, `medicoDeCabecera`) VALUES
(2, 'Digestivo', 1),
(3, 'Digestivo', 0),
(7, 'Traumatología', 1),
(9, 'Radiología', 0),
(10, 'Pediatría', 0),
(12, 'Oftalmología', 1),
(15, 'Reumatología', 0),
(20, 'Psiquiatría', 0),
(24, 'Oftalmología', 1),
(25, 'Digestivo', 1),
(26, 'Endocrinología', 1),
(27, 'Traumatología', 1),
(28, 'Reumatología', 1),
(29, 'Traumatología', 0),
(30, 'Ginecología', 0),
(31, 'Psiquiatría', 1),
(37, 'Endocrinología', 1),
(39, 'Laboratorio', 1),
(42, 'Psiquiatría', 0),
(43, 'Reumatología', 0),
(44, 'Ginecología', 1),
(47, 'Traumatología', 0),
(49, 'Cardiología', 0),
(50, 'Reumatología', 1),
(52, 'Endocrinología', 1),
(53, 'Cirugía General', 0),
(54, 'Ginecología', 0),
(57, 'Ginecología', 1),
(63, 'Reumatología', 0),
(66, 'Anestesiología', 1),
(68, 'Digestivo', 0),
(75, 'Dermatología', 0),
(77, 'Endocrinología', 0),
(79, 'Neurología', 0),
(80, 'Ginecología', 1),
(81, 'Oftalmología', 1),
(82, 'Oncología', 0),
(86, 'Psiquiatría', 0),
(89, 'Oncología', 1),
(91, 'Radiología', 0),
(92, 'Reumatología', 0),
(94, 'Cirugía General', 0),
(96, 'Psiquiatría', 0),
(97, 'Pediatría', 0),
(98, 'Endocrinología', 1),
(101, 'Radiología', 0),
(102, 'Traumatología', 1),
(104, 'Reumatología', 1),
(105, 'Endocrinología', 0),
(106, 'Oncología', 1),
(107, 'Medicina Interna', 0),
(109, 'Endocrinología', 1),
(110, 'Dermatología', 1),
(111, 'Dermatología', 1),
(117, 'Neumología', 1),
(118, 'Ginecología', 0),
(124, 'Urgencias', 1),
(126, 'Neurología', 1),
(127, 'Neumología', 0),
(128, 'Oncología', 1),
(129, 'Traumatología', 0),
(130, 'Laboratorio', 0),
(131, 'Ginecología', 0),
(132, 'Oftalmología', 1),
(133, 'Traumatología', 1),
(134, 'Psiquiatría', 0),
(143, 'Endocrinología', 1),
(144, 'Psiquiatría', 1),
(147, 'Medicina Interna', 0),
(150, 'Digestivo', 0);

-- --------------------------------------------------------

--
-- Estructura de tabla para la tabla `enfermero`
--

DROP TABLE IF EXISTS `enfermero`;
CREATE TABLE IF NOT EXISTS `enfermero` (
  `idPersonal` int(11) NOT NULL,
  `rol` varchar(50) NOT NULL,
  `categoria` varchar(50) NOT NULL,
  PRIMARY KEY (`idPersonal`)
) ENGINE=InnoDB DEFAULT CHARSET=utf8mb4 COLLATE=utf8mb4_spanish_ci;

--
-- Truncar tablas antes de insertar `enfermero`
--

TRUNCATE TABLE `enfermero`;
--
-- Volcado de datos para la tabla `enfermero`
--

INSERT INTO `enfermero` (`idPersonal`, `rol`, `categoria`) VALUES
(1, 'Enfermero/a de urgencias', 'A1'),
(4, 'Enfermero/a de planta', 'A1'),
(5, 'Enfermero/a de planta', 'A1'),
(6, 'Supervisor/a', 'C1'),
(8, 'Enfermero/a de quirófano', 'A1'),
(11, 'Enfermero/a de UCI', 'C1'),
(13, 'Enfermero/a de UCI', 'B2'),
(14, 'Enfermero/a de urgencias', 'A1'),
(16, 'Enfermero/a de UCI', 'A2'),
(21, 'Supervisor/a', 'B2'),
(22, 'Supervisor/a', 'B1'),
(32, 'Enfermero/a de UCI', 'A2'),
(33, 'Enfermero/a de planta', 'B1'),
(34, 'Enfermero/a de planta', 'C1'),
(35, 'Enfermero/a de quirófano', 'B2'),
(36, 'Enfermero/a de planta', 'B2'),
(38, 'Enfermero/a de UCI', 'C1'),
(40, 'Enfermero/a de UCI', 'B2'),
(41, 'Enfermero/a de planta', 'C1'),
(51, 'Enfermero/a de UCI', 'C1'),
(55, 'Enfermero/a de planta', 'A2'),
(56, 'Enfermero/a de planta', 'A2'),
(58, 'Enfermero/a de UCI', 'A2'),
(60, 'Enfermero/a de planta', 'C1'),
(61, 'Supervisor/a', 'B1'),
(62, 'Enfermero/a de planta', 'A1'),
(67, 'Enfermero/a de quirófano', 'C1'),
(70, 'Enfermero/a de quirófano', 'A2'),
(71, 'Enfermero/a de planta', 'C1'),
(72, 'Enfermero/a de urgencias', 'A1'),
(73, 'Enfermero/a de planta', 'A1'),
(76, 'Enfermero/a de UCI', 'B1'),
(83, 'Enfermero/a de urgencias', 'C1'),
(85, 'Enfermero/a de quirófano', 'B2'),
(87, 'Enfermero/a de planta', 'A2'),
(88, 'Enfermero/a de urgencias', 'A1'),
(93, 'Enfermero/a de UCI', 'B1'),
(99, 'Enfermero/a de UCI', 'B2'),
(100, 'Enfermero/a de quirófano', 'C1'),
(103, 'Supervisor/a', 'B1'),
(112, 'Enfermero/a de UCI', 'B1'),
(113, 'Enfermero/a de UCI', 'C1'),
(116, 'Enfermero/a de UCI', 'A2'),
(120, 'Enfermero/a de planta', 'A1'),
(122, 'Enfermero/a de quirófano', 'A1'),
(125, 'Enfermero/a de quirófano', 'A2'),
(135, 'Enfermero/a de urgencias', 'A2'),
(136, 'Enfermero/a de quirófano', 'C1'),
(137, 'Enfermero/a de UCI', 'A2'),
(138, 'Enfermero/a de UCI', 'B1');

-- --------------------------------------------------------

--
-- Estructura de tabla para la tabla `episodio`
--

DROP TABLE IF EXISTS `episodio`;
CREATE TABLE IF NOT EXISTS `episodio` (
  `idEpisodio` int(11) NOT NULL AUTO_INCREMENT,
  `tipo` varchar(50) NOT NULL,
  `fechaApertura` date NOT NULL,
  `fechaCierre` date DEFAULT NULL,
  `duracion` double DEFAULT NULL,
  `idPaciente` int(11) NOT NULL,
  `idDepartamento` int(11) NOT NULL,
  PRIMARY KEY (`idEpisodio`),
  KEY `fk_episodio_paciente` (`idPaciente`),
  KEY `fk_episodio_departamento` (`idDepartamento`)
) ENGINE=InnoDB AUTO_INCREMENT=401 DEFAULT CHARSET=utf8mb4 COLLATE=utf8mb4_spanish_ci;

--
-- Truncar tablas antes de insertar `episodio`
--

TRUNCATE TABLE `episodio`;
--
-- Volcado de datos para la tabla `episodio`
--

INSERT INTO `episodio` (`idEpisodio`, `tipo`, `fechaApertura`, `fechaCierre`, `duracion`, `idPaciente`, `idDepartamento`) VALUES
(1, 'Seguimiento', '2023-11-28', '2023-12-20', 30.56, 337, 17),
(2, 'Rehabilitación', '2020-12-01', '2020-12-05', 11.28, 223, 13),
(3, 'Consulta', '2023-05-21', '2023-05-29', 10.87, 57, 18),
(4, 'Cirugía', '2020-05-15', '2020-05-17', 10.34, 171, 9),
(5, 'Hospitalización', '2021-04-07', '2021-04-10', 11.67, 114, 13),
(6, 'Consulta', '2024-05-22', '2024-05-27', 17.11, 157, 19),
(7, 'Cirugía', '2020-07-14', '2020-08-05', 35.16, 145, 18),
(8, 'Urgencia', '2023-05-29', NULL, NULL, 25, 6),
(9, 'Urgencia', '2024-03-19', '2024-03-30', 29.54, 348, 18),
(10, 'Rehabilitación', '2023-05-02', '2023-05-14', 22.97, 66, 9),
(11, 'Consulta', '2023-11-07', '2023-11-11', 19.12, 74, 13),
(12, 'Rehabilitación', '2024-02-15', '2024-03-15', 45.68, 190, 8),
(13, 'Seguimiento', '2023-05-31', '2023-06-14', 18.21, 182, 15),
(14, 'Rehabilitación', '2021-08-10', '2021-08-23', 24.97, 368, 8),
(15, 'Urgencia', '2023-07-25', '2023-08-24', 37.03, 395, 11),
(16, 'Consulta', '2023-07-23', NULL, NULL, 374, 8),
(17, 'Consulta', '2020-12-04', '2020-12-06', 19.1, 284, 16),
(18, 'Consulta', '2022-05-18', '2022-06-16', 45.81, 246, 16),
(19, 'Rehabilitación', '2023-11-04', '2023-12-02', 40.25, 64, 13),
(20, 'Consulta', '2023-06-16', NULL, NULL, 382, 1),
(21, 'Seguimiento', '2022-05-20', '2022-06-12', 30.94, 379, 17),
(22, 'Seguimiento', '2023-06-01', NULL, NULL, 230, 6),
(23, 'Seguimiento', '2024-04-13', '2024-04-20', 11.02, 188, 5),
(24, 'Rehabilitación', '2021-12-24', '2022-01-06', 24.4, 88, 12),
(25, 'Consulta', '2021-11-23', '2021-11-30', 26.13, 393, 4),
(26, 'Urgencia', '2021-09-04', '2021-09-12', 12.9, 378, 19),
(27, 'Cirugía', '2021-03-21', '2021-04-19', 50.46, 330, 17),
(28, 'Consulta', '2022-08-06', '2022-09-02', 38.23, 183, 1),
(29, 'Rehabilitación', '2022-07-31', '2022-08-11', 13.46, 180, 6),
(30, 'Cirugía', '2021-12-27', NULL, NULL, 221, 16),
(31, 'Hospitalización', '2020-06-22', '2020-07-20', 31.54, 64, 16),
(32, 'Consulta', '2020-11-14', '2020-11-22', 13.2, 203, 12),
(33, 'Urgencia', '2022-01-16', '2022-01-21', 17.34, 138, 4),
(34, 'Cirugía', '2023-09-06', '2023-09-11', 8.22, 383, 14),
(35, 'Consulta', '2022-01-05', '2022-01-27', 26.56, 98, 10),
(36, 'Consulta', '2020-09-30', '2020-10-23', 30.62, 17, 6),
(37, 'Seguimiento', '2021-02-11', '2021-03-13', 45.3, 137, 4),
(38, 'Cirugía', '2022-09-28', '2022-10-23', 40.68, 66, 11),
(39, 'Cirugía', '2022-10-24', '2022-11-16', 42.39, 200, 5),
(40, 'Consulta', '2020-08-08', '2020-08-12', 7.58, 257, 1),
(41, 'Seguimiento', '2021-04-29', NULL, NULL, 176, 14),
(42, 'Rehabilitación', '2024-02-19', NULL, NULL, 246, 10),
(43, 'Urgencia', '2022-09-22', NULL, NULL, 220, 8),
(44, 'Rehabilitación', '2020-11-08', '2020-11-13', 10.74, 393, 4),
(45, 'Urgencia', '2023-12-06', '2024-01-01', 35.87, 243, 4),
(46, 'Seguimiento', '2024-02-04', '2024-02-09', 9.34, 303, 5),
(47, 'Hospitalización', '2020-09-03', NULL, NULL, 20, 9),
(48, 'Hospitalización', '2020-10-26', '2020-11-14', 23.59, 27, 13),
(49, 'Cirugía', '2022-12-11', '2022-12-31', 42.54, 114, 11),
(50, 'Cirugía', '2022-09-08', NULL, NULL, 219, 2),
(51, 'Urgencia', '2020-08-13', '2020-08-21', 29.69, 365, 14),
(52, 'Hospitalización', '2021-10-17', '2021-10-22', 5.94, 27, 11),
(53, 'Hospitalización', '2021-08-07', '2021-09-05', 42.95, 221, 6),
(54, 'Urgencia', '2022-10-03', '2022-10-12', 11.57, 343, 1),
(55, 'Seguimiento', '2023-02-04', '2023-02-08', 11.62, 380, 12),
(56, 'Seguimiento', '2024-05-13', '2024-06-01', 27.55, 333, 9),
(57, 'Hospitalización', '2023-04-11', '2023-05-09', 30.45, 323, 20),
(58, 'Consulta', '2020-03-25', '2020-04-23', 49.33, 98, 7),
(59, 'Seguimiento', '2022-07-01', '2022-07-03', 23.66, 317, 11),
(60, 'Urgencia', '2024-01-25', '2024-02-18', 28.65, 370, 5),
(61, 'Consulta', '2020-09-18', NULL, NULL, 282, 9),
(62, 'Rehabilitación', '2021-12-12', '2021-12-26', 28.49, 61, 14),
(63, 'Consulta', '2022-09-15', '2022-10-14', 50.91, 12, 6),
(64, 'Rehabilitación', '2021-07-15', '2021-07-19', 10.66, 290, 2),
(65, 'Seguimiento', '2021-01-24', '2021-02-05', 23.39, 273, 17),
(66, 'Consulta', '2020-12-04', '2020-12-20', 24.84, 400, 13),
(67, 'Cirugía', '2023-05-28', '2023-06-02', 5.08, 293, 7),
(68, 'Rehabilitación', '2023-11-27', NULL, NULL, 263, 15),
(69, 'Rehabilitación', '2023-12-20', '2023-12-28', 14.98, 113, 10),
(70, 'Seguimiento', '2021-07-03', '2021-07-08', 10.15, 274, 8),
(71, 'Urgencia', '2020-03-21', '2020-04-20', 50.32, 69, 9),
(72, 'Consulta', '2023-08-08', '2023-09-03', 30.83, 60, 1),
(73, 'Seguimiento', '2021-12-12', '2021-12-23', 18.46, 362, 18),
(74, 'Urgencia', '2024-01-18', NULL, NULL, 314, 10),
(75, 'Urgencia', '2020-04-27', '2020-04-27', 18.95, 113, 9),
(76, 'Hospitalización', '2021-06-08', '2021-06-25', 32.12, 399, 19),
(77, 'Consulta', '2024-01-19', '2024-01-31', 33.75, 132, 20),
(78, 'Rehabilitación', '2021-02-26', '2021-03-05', 14.46, 105, 19),
(79, 'Seguimiento', '2024-03-21', '2024-04-04', 19.33, 372, 14),
(80, 'Urgencia', '2020-10-30', '2020-11-01', 13.41, 236, 6),
(81, 'Hospitalización', '2021-01-21', '2021-02-20', 46.78, 332, 10),
(82, 'Consulta', '2021-09-27', NULL, NULL, 91, 13),
(83, 'Seguimiento', '2023-05-29', NULL, NULL, 74, 3),
(84, 'Cirugía', '2021-05-17', '2021-06-06', 42.32, 52, 17),
(85, 'Hospitalización', '2024-01-28', '2024-01-28', 13.88, 194, 13),
(86, 'Consulta', '2020-08-13', '2020-09-06', 43.1, 23, 5),
(87, 'Hospitalización', '2024-04-26', NULL, NULL, 74, 20),
(88, 'Consulta', '2020-01-20', '2020-01-23', 15.47, 174, 3),
(89, 'Hospitalización', '2020-10-12', '2020-10-30', 38.52, 84, 10),
(90, 'Urgencia', '2022-09-07', NULL, NULL, 29, 18),
(91, 'Seguimiento', '2021-07-01', '2021-07-04', 3.49, 23, 4),
(92, 'Rehabilitación', '2021-08-30', NULL, NULL, 213, 5),
(93, 'Consulta', '2021-04-04', NULL, NULL, 219, 13),
(94, 'Hospitalización', '2021-12-24', '2021-12-31', 28.2, 351, 13),
(95, 'Seguimiento', '2024-01-04', '2024-01-07', 14.31, 57, 8),
(96, 'Consulta', '2021-07-31', '2021-08-19', 26.68, 185, 3),
(97, 'Consulta', '2023-05-23', NULL, NULL, 220, 17),
(98, 'Urgencia', '2023-05-13', NULL, NULL, 218, 5),
(99, 'Seguimiento', '2023-11-08', '2023-12-04', 32.6, 54, 9),
(100, 'Cirugía', '2023-09-17', '2023-09-25', 26.65, 365, 3),
(101, 'Consulta', '2020-10-31', '2020-11-04', 11.37, 200, 15),
(102, 'Seguimiento', '2024-05-27', '2024-06-22', 27.55, 296, 14),
(103, 'Seguimiento', '2021-07-24', NULL, NULL, 166, 5),
(104, 'Hospitalización', '2024-04-20', '2024-04-30', 21.37, 247, 14),
(105, 'Rehabilitación', '2023-07-27', '2023-08-21', 46.71, 126, 13),
(106, 'Cirugía', '2023-01-30', '2023-02-16', 28.33, 275, 8),
(107, 'Cirugía', '2020-06-20', '2020-07-03', 25.12, 398, 8),
(108, 'Seguimiento', '2020-06-27', '2020-06-27', 4.68, 9, 12),
(109, 'Rehabilitación', '2022-08-28', '2022-09-26', 31.53, 179, 12),
(110, 'Hospitalización', '2021-08-26', '2021-09-21', 45.63, 216, 8),
(111, 'Hospitalización', '2021-04-04', NULL, NULL, 71, 4),
(112, 'Seguimiento', '2023-12-12', NULL, NULL, 376, 1),
(113, 'Seguimiento', '2022-05-19', '2022-06-10', 24.44, 298, 3),
(114, 'Cirugía', '2023-05-01', '2023-05-01', 3.38, 73, 3),
(115, 'Hospitalización', '2020-06-06', NULL, NULL, 214, 5),
(116, 'Hospitalización', '2022-08-20', '2022-09-12', 35.13, 154, 16),
(117, 'Cirugía', '2024-01-19', '2024-02-13', 39.83, 7, 10),
(118, 'Consulta', '2020-11-15', NULL, NULL, 329, 2),
(119, 'Rehabilitación', '2024-03-18', NULL, NULL, 83, 1),
(120, 'Cirugía', '2022-05-17', '2022-06-14', 38.45, 365, 9),
(121, 'Rehabilitación', '2022-10-24', '2022-10-31', 16.74, 81, 9),
(122, 'Consulta', '2022-12-04', '2023-01-03', 32.88, 109, 13),
(123, 'Rehabilitación', '2020-04-24', '2020-04-29', 23.92, 287, 20),
(124, 'Consulta', '2023-11-19', '2023-11-29', 25.01, 208, 13),
(125, 'Hospitalización', '2020-04-21', '2020-05-11', 29.76, 139, 4),
(126, 'Consulta', '2020-06-08', '2020-07-02', 43.47, 15, 8),
(127, 'Urgencia', '2020-11-29', '2020-12-01', 6.87, 6, 10),
(128, 'Hospitalización', '2023-02-03', '2023-03-04', 29.74, 138, 3),
(129, 'Rehabilitación', '2023-03-02', NULL, NULL, 248, 2),
(130, 'Consulta', '2021-10-06', NULL, NULL, 159, 1),
(131, 'Urgencia', '2024-03-19', '2024-03-31', 23.5, 162, 13),
(132, 'Seguimiento', '2021-12-29', '2022-01-20', 37.52, 170, 14),
(133, 'Seguimiento', '2022-10-28', NULL, NULL, 397, 5),
(134, 'Consulta', '2023-04-17', '2023-05-02', 28.49, 20, 10),
(135, 'Hospitalización', '2020-11-06', '2020-11-08', 22.36, 48, 8),
(136, 'Hospitalización', '2023-10-27', '2023-11-20', 40.53, 257, 17),
(137, 'Seguimiento', '2023-05-31', '2023-06-29', 46.68, 230, 5),
(138, 'Urgencia', '2021-08-18', '2021-09-14', 48.62, 21, 13),
(139, 'Hospitalización', '2021-03-03', '2021-03-22', 20.72, 79, 19),
(140, 'Seguimiento', '2022-10-15', NULL, NULL, 8, 5),
(141, 'Urgencia', '2023-01-25', '2023-02-19', 42.97, 45, 16),
(142, 'Consulta', '2022-07-20', '2022-08-18', 35.8, 35, 9),
(143, 'Rehabilitación', '2022-01-14', '2022-01-16', 6.12, 396, 15),
(144, 'Urgencia', '2022-08-27', '2022-09-20', 44.16, 333, 5),
(145, 'Consulta', '2023-03-10', '2023-03-21', 30.76, 206, 14),
(146, 'Rehabilitación', '2023-10-25', NULL, NULL, 188, 17),
(147, 'Rehabilitación', '2021-10-04', '2021-10-25', 30.5, 231, 9),
(148, 'Seguimiento', '2020-03-28', '2020-04-17', 21.31, 126, 18),
(149, 'Consulta', '2020-11-12', '2020-11-21', 17.64, 292, 13),
(150, 'Consulta', '2021-04-01', '2021-04-15', 29.39, 179, 15),
(151, 'Cirugía', '2023-08-08', '2023-09-03', 36.69, 44, 6),
(152, 'Seguimiento', '2020-08-09', '2020-09-07', 38.13, 222, 7),
(153, 'Cirugía', '2021-11-04', NULL, NULL, 176, 20),
(154, 'Cirugía', '2021-03-11', '2021-03-26', 17.63, 233, 2),
(155, 'Rehabilitación', '2020-11-14', '2020-11-18', 18.72, 164, 19),
(156, 'Consulta', '2023-05-16', '2023-05-17', 22.54, 186, 14),
(157, 'Cirugía', '2021-03-13', NULL, NULL, 12, 14),
(158, 'Urgencia', '2021-05-31', '2021-06-02', 5.26, 141, 13),
(159, 'Consulta', '2021-09-02', '2021-09-16', 34.04, 269, 7),
(160, 'Seguimiento', '2021-06-15', NULL, NULL, 28, 3),
(161, 'Cirugía', '2021-12-01', '2021-12-10', 12.78, 179, 14),
(162, 'Cirugía', '2022-08-31', '2022-09-25', 28.7, 357, 14),
(163, 'Urgencia', '2023-11-20', '2023-12-16', 26.23, 306, 7),
(164, 'Consulta', '2024-01-20', '2024-02-08', 22.33, 341, 11),
(165, 'Consulta', '2020-11-04', '2020-12-03', 32.39, 163, 4),
(166, 'Seguimiento', '2022-04-12', '2022-05-05', 23.08, 231, 5),
(167, 'Seguimiento', '2022-07-09', '2022-07-27', 20.24, 112, 7),
(168, 'Cirugía', '2023-11-27', '2023-12-02', 18.82, 111, 12),
(169, 'Hospitalización', '2021-01-26', '2021-02-13', 39.97, 190, 12),
(170, 'Consulta', '2021-09-10', '2021-09-26', 34.84, 64, 16),
(171, 'Seguimiento', '2022-07-22', '2022-08-02', 19.1, 278, 14),
(172, 'Rehabilitación', '2024-04-15', '2024-05-14', 33.04, 220, 12),
(173, 'Hospitalización', '2023-02-06', '2023-02-23', 27.03, 146, 14),
(174, 'Seguimiento', '2021-08-03', '2021-09-02', 51.28, 51, 3),
(175, 'Consulta', '2020-07-02', '2020-07-21', 40.45, 54, 16),
(176, 'Seguimiento', '2024-03-19', '2024-04-05', 19.29, 228, 17),
(177, 'Rehabilitación', '2020-03-07', '2020-04-03', 36.67, 115, 15),
(178, 'Rehabilitación', '2022-02-19', NULL, NULL, 241, 4),
(179, 'Urgencia', '2022-08-08', '2022-09-03', 40.83, 380, 13),
(180, 'Consulta', '2022-02-06', '2022-02-22', 22.52, 338, 9),
(181, 'Urgencia', '2022-04-29', '2022-04-29', 20.7, 213, 2),
(182, 'Consulta', '2020-02-23', NULL, NULL, 192, 17),
(183, 'Seguimiento', '2023-05-13', '2023-05-18', 27.06, 221, 8),
(184, 'Rehabilitación', '2022-03-12', NULL, NULL, 330, 13),
(185, 'Consulta', '2023-03-29', '2023-04-28', 44.63, 373, 6),
(186, 'Cirugía', '2021-10-13', '2021-10-26', 18.31, 364, 5),
(187, 'Rehabilitación', '2020-08-30', '2020-09-24', 34.02, 391, 9),
(188, 'Rehabilitación', '2020-11-21', '2020-11-27', 8.14, 14, 14),
(189, 'Consulta', '2023-07-11', '2023-07-15', 4.64, 363, 18),
(190, 'Consulta', '2023-03-17', '2023-04-09', 39.89, 233, 12),
(191, 'Hospitalización', '2021-05-05', '2021-05-12', 13.83, 275, 8),
(192, 'Seguimiento', '2024-05-16', '2024-05-28', 29.72, 338, 2),
(193, 'Urgencia', '2020-06-18', '2020-07-08', 20.53, 297, 4),
(194, 'Consulta', '2022-07-29', '2022-08-01', 5.46, 145, 9),
(195, 'Hospitalización', '2020-07-09', NULL, NULL, 186, 7),
(196, 'Cirugía', '2020-07-25', '2020-07-25', 9.52, 250, 3),
(197, 'Hospitalización', '2023-11-08', '2023-12-06', 35.21, 231, 6),
(198, 'Hospitalización', '2021-09-03', NULL, NULL, 92, 19),
(199, 'Seguimiento', '2023-05-27', '2023-05-30', 25.45, 178, 16),
(200, 'Rehabilitación', '2023-05-13', '2023-05-18', 17, 131, 4),
(201, 'Hospitalización', '2023-05-26', NULL, NULL, 12, 17),
(202, 'Rehabilitación', '2024-04-07', NULL, NULL, 187, 4),
(203, 'Hospitalización', '2020-03-01', '2020-03-08', 8.92, 355, 5),
(204, 'Urgencia', '2021-07-14', '2021-08-13', 32.12, 363, 18),
(205, 'Seguimiento', '2021-08-25', '2021-09-19', 36.4, 263, 13),
(206, 'Hospitalización', '2021-05-27', NULL, NULL, 352, 9),
(207, 'Cirugía', '2020-07-29', '2020-08-22', 37.51, 85, 7),
(208, 'Seguimiento', '2022-09-26', '2022-10-10', 23.75, 383, 9),
(209, 'Urgencia', '2023-06-29', NULL, NULL, 197, 14),
(210, 'Hospitalización', '2023-03-07', '2023-04-04', 42.55, 33, 15),
(211, 'Hospitalización', '2020-03-10', '2020-03-18', 21.5, 151, 20),
(212, 'Seguimiento', '2022-12-22', '2022-12-22', 2.64, 166, 14),
(213, 'Hospitalización', '2022-01-02', '2022-01-08', 21.11, 191, 5),
(214, 'Urgencia', '2020-09-07', NULL, NULL, 353, 1),
(215, 'Seguimiento', '2021-11-04', '2021-11-22', 36.29, 120, 18),
(216, 'Consulta', '2022-02-28', '2022-03-06', 18.13, 53, 18),
(217, 'Urgencia', '2024-01-06', '2024-02-03', 46.57, 344, 3),
(218, 'Rehabilitación', '2023-08-16', '2023-09-09', 34.01, 164, 7),
(219, 'Hospitalización', '2020-04-11', '2020-04-26', 16.08, 141, 14),
(220, 'Consulta', '2020-09-11', '2020-09-30', 26.52, 197, 8),
(221, 'Rehabilitación', '2020-02-13', '2020-03-04', 38.02, 295, 1),
(222, 'Cirugía', '2021-08-05', NULL, NULL, 207, 2),
(223, 'Rehabilitación', '2022-12-16', NULL, NULL, 331, 1),
(224, 'Consulta', '2022-08-20', NULL, NULL, 213, 10),
(225, 'Urgencia', '2021-10-11', '2021-10-23', 13.83, 397, 11),
(226, 'Cirugía', '2023-06-08', NULL, NULL, 153, 15),
(227, 'Cirugía', '2023-08-05', '2023-08-08', 22.39, 317, 4),
(228, 'Consulta', '2021-04-03', NULL, NULL, 6, 5),
(229, 'Consulta', '2021-10-23', '2021-11-15', 33.02, 88, 3),
(230, 'Hospitalización', '2024-01-22', '2024-02-02', 29.77, 276, 1),
(231, 'Seguimiento', '2020-04-17', '2020-05-12', 25.99, 25, 10),
(232, 'Consulta', '2021-06-24', '2021-07-13', 37.21, 195, 9),
(233, 'Seguimiento', '2020-12-14', '2021-01-01', 28.6, 65, 11),
(234, 'Hospitalización', '2024-03-22', '2024-04-18', 49.21, 212, 15),
(235, 'Seguimiento', '2020-09-07', '2020-09-14', 20.29, 339, 16),
(236, 'Urgencia', '2021-10-21', '2021-11-05', 20.19, 136, 10),
(237, 'Seguimiento', '2020-06-18', '2020-07-14', 46.08, 338, 7),
(238, 'Seguimiento', '2020-06-08', NULL, NULL, 254, 2),
(239, 'Hospitalización', '2020-01-27', '2020-02-10', 32.83, 97, 16),
(240, 'Consulta', '2021-11-28', '2021-12-16', 35.52, 264, 11),
(241, 'Urgencia', '2023-12-22', '2023-12-26', 23.5, 55, 5),
(242, 'Hospitalización', '2022-01-14', '2022-01-28', 33.96, 263, 7),
(243, 'Cirugía', '2021-01-19', NULL, NULL, 217, 6),
(244, 'Seguimiento', '2021-09-21', '2021-10-09', 32.91, 76, 15),
(245, 'Consulta', '2024-03-05', NULL, NULL, 9, 15),
(246, 'Hospitalización', '2021-06-30', NULL, NULL, 339, 17),
(247, 'Cirugía', '2021-12-21', '2022-01-19', 41.66, 182, 14),
(248, 'Hospitalización', '2020-11-04', '2020-11-17', 24.68, 28, 15),
(249, 'Urgencia', '2022-01-27', NULL, NULL, 333, 13),
(250, 'Seguimiento', '2022-05-15', NULL, NULL, 97, 13),
(251, 'Hospitalización', '2023-05-01', '2023-05-20', 30.35, 222, 4),
(252, 'Seguimiento', '2020-04-12', '2020-05-12', 32.55, 59, 2),
(253, 'Consulta', '2023-03-24', '2023-03-26', 14.24, 142, 8),
(254, 'Rehabilitación', '2023-12-03', '2023-12-15', 21.04, 113, 9),
(255, 'Cirugía', '2021-02-25', NULL, NULL, 105, 12),
(256, 'Seguimiento', '2021-08-12', '2021-08-21', 25.88, 49, 6),
(257, 'Rehabilitación', '2023-12-05', '2023-12-28', 30.02, 353, 8),
(258, 'Hospitalización', '2021-10-07', '2021-10-12', 9.31, 234, 5),
(259, 'Consulta', '2023-09-26', '2023-10-06', 10.48, 136, 3),
(260, 'Hospitalización', '2023-10-23', '2023-10-23', 13.66, 243, 19),
(261, 'Consulta', '2022-09-27', '2022-10-12', 17.52, 9, 19),
(262, 'Seguimiento', '2021-08-18', '2021-09-03', 27.57, 387, 5),
(263, 'Consulta', '2020-07-23', '2020-08-15', 30.72, 252, 12),
(264, 'Rehabilitación', '2021-06-11', '2021-06-19', 16.38, 7, 12),
(265, 'Urgencia', '2023-12-25', '2024-01-10', 33.81, 306, 16),
(266, 'Consulta', '2021-07-06', '2021-07-29', 37.72, 76, 14),
(267, 'Hospitalización', '2023-09-12', '2023-09-23', 22.45, 126, 19),
(268, 'Seguimiento', '2023-11-26', '2023-12-07', 15.75, 46, 7),
(269, 'Cirugía', '2023-08-01', NULL, NULL, 141, 18),
(270, 'Cirugía', '2022-12-15', NULL, NULL, 348, 12),
(271, 'Urgencia', '2022-03-11', '2022-04-10', 52.86, 159, 7),
(272, 'Consulta', '2023-04-01', '2023-04-11', 29.19, 63, 14),
(273, 'Cirugía', '2023-03-06', '2023-03-31', 32.98, 57, 1),
(274, 'Cirugía', '2023-11-04', NULL, NULL, 349, 5),
(275, 'Rehabilitación', '2021-08-16', '2021-09-06', 24.74, 250, 10),
(276, 'Consulta', '2021-08-26', NULL, NULL, 21, 7),
(277, 'Urgencia', '2023-04-29', NULL, NULL, 251, 10),
(278, 'Consulta', '2022-05-31', '2022-06-26', 26.01, 129, 5),
(279, 'Urgencia', '2021-08-03', '2021-08-19', 31.3, 394, 18),
(280, 'Hospitalización', '2020-06-25', '2020-06-29', 26.91, 101, 14),
(281, 'Rehabilitación', '2020-06-14', '2020-06-15', 11.88, 182, 8),
(282, 'Seguimiento', '2023-07-28', '2023-08-09', 34.24, 51, 9),
(283, 'Urgencia', '2023-05-07', '2023-05-25', 28.02, 166, 19),
(284, 'Hospitalización', '2023-10-31', '2023-11-08', 11.12, 284, 7),
(285, 'Urgencia', '2021-09-16', NULL, NULL, 291, 15),
(286, 'Rehabilitación', '2021-01-10', '2021-02-07', 47.18, 50, 5),
(287, 'Rehabilitación', '2022-06-24', '2022-07-10', 37.5, 365, 12),
(288, 'Cirugía', '2021-12-26', '2022-01-08', 35.11, 237, 1),
(289, 'Rehabilitación', '2020-02-24', '2020-03-08', 15.03, 72, 20),
(290, 'Urgencia', '2024-05-30', '2024-06-15', 24.58, 318, 18),
(291, 'Rehabilitación', '2021-08-23', NULL, NULL, 202, 5),
(292, 'Cirugía', '2023-10-04', NULL, NULL, 391, 17),
(293, 'Cirugía', '2020-04-21', NULL, NULL, 139, 4),
(294, 'Urgencia', '2023-05-02', NULL, NULL, 149, 19),
(295, 'Cirugía', '2023-11-15', '2023-11-16', 3.79, 300, 17),
(296, 'Seguimiento', '2024-01-08', NULL, NULL, 105, 17),
(297, 'Hospitalización', '2023-02-25', '2023-03-12', 18.14, 346, 5),
(298, 'Urgencia', '2023-07-10', '2023-08-08', 29.15, 249, 20),
(299, 'Seguimiento', '2021-02-15', NULL, NULL, 1, 5),
(300, 'Rehabilitación', '2020-09-04', '2020-09-11', 11.7, 243, 1),
(301, 'Rehabilitación', '2022-06-27', '2022-07-26', 31.8, 208, 16),
(302, 'Hospitalización', '2021-04-26', '2021-05-13', 22.99, 314, 15),
(303, 'Seguimiento', '2023-06-17', NULL, NULL, 75, 1),
(304, 'Hospitalización', '2020-10-17', '2020-11-07', 26.54, 262, 18),
(305, 'Hospitalización', '2022-09-02', '2022-09-11', 24.35, 302, 16),
(306, 'Urgencia', '2023-09-29', '2023-10-11', 28.05, 55, 15),
(307, 'Cirugía', '2022-05-20', NULL, NULL, 146, 15),
(308, 'Consulta', '2023-03-01', '2023-03-19', 24.96, 331, 20),
(309, 'Cirugía', '2020-03-28', '2020-04-08', 33.14, 240, 15),
(310, 'Urgencia', '2020-01-19', '2020-01-30', 22.51, 258, 7),
(311, 'Urgencia', '2023-12-17', '2024-01-02', 17.44, 336, 5),
(312, 'Urgencia', '2023-09-05', '2023-09-15', 20.57, 72, 9),
(313, 'Seguimiento', '2021-09-12', '2021-09-14', 23.07, 331, 16),
(314, 'Cirugía', '2022-08-24', '2022-08-29', 18.25, 260, 17),
(315, 'Urgencia', '2020-09-22', '2020-10-10', 39.97, 179, 19),
(316, 'Rehabilitación', '2022-04-06', NULL, NULL, 16, 6),
(317, 'Hospitalización', '2020-07-16', '2020-07-31', 36.49, 244, 11),
(318, 'Hospitalización', '2024-04-29', '2024-05-22', 41.3, 54, 6),
(319, 'Seguimiento', '2022-02-25', '2022-03-10', 34.21, 32, 20),
(320, 'Urgencia', '2020-08-22', NULL, NULL, 384, 3),
(321, 'Cirugía', '2024-04-12', '2024-05-02', 39.34, 90, 11),
(322, 'Consulta', '2023-12-01', '2023-12-05', 26.74, 294, 18),
(323, 'Hospitalización', '2021-02-04', '2021-02-18', 29.61, 116, 7),
(324, 'Seguimiento', '2020-11-27', '2020-12-13', 34.6, 99, 3),
(325, 'Rehabilitación', '2020-02-19', '2020-03-11', 23.21, 18, 5),
(326, 'Consulta', '2022-01-06', '2022-01-24', 30.57, 37, 11),
(327, 'Hospitalización', '2023-10-29', '2023-11-27', 45.75, 271, 16),
(328, 'Hospitalización', '2021-02-28', '2021-03-15', 26.52, 183, 20),
(329, 'Rehabilitación', '2020-10-09', '2020-10-23', 23.83, 193, 3),
(330, 'Rehabilitación', '2020-06-09', NULL, NULL, 265, 10),
(331, 'Consulta', '2020-08-29', '2020-08-30', 14.83, 170, 1),
(332, 'Hospitalización', '2021-08-16', '2021-08-24', 16.98, 184, 3),
(333, 'Hospitalización', '2021-08-12', NULL, NULL, 295, 8),
(334, 'Rehabilitación', '2023-06-05', '2023-06-17', 26.23, 280, 4),
(335, 'Rehabilitación', '2022-08-22', '2022-08-30', 23.02, 17, 11),
(336, 'Cirugía', '2021-06-18', '2021-07-16', 45.59, 72, 7),
(337, 'Rehabilitación', '2024-02-11', '2024-03-06', 39.26, 32, 8),
(338, 'Cirugía', '2020-05-29', '2020-06-16', 38.8, 360, 2),
(339, 'Urgencia', '2020-05-24', '2020-06-12', 36, 42, 18),
(340, 'Cirugía', '2020-09-22', '2020-09-23', 3.39, 255, 17),
(341, 'Hospitalización', '2023-08-24', '2023-09-08', 21.98, 117, 1),
(342, 'Consulta', '2020-02-23', '2020-03-19', 29.51, 312, 13),
(343, 'Seguimiento', '2023-11-01', '2023-11-18', 28.09, 199, 13),
(344, 'Seguimiento', '2020-09-13', '2020-09-26', 25.64, 60, 15),
(345, 'Consulta', '2023-06-14', '2023-06-25', 19.09, 176, 14),
(346, 'Consulta', '2021-05-02', '2021-05-20', 18.23, 212, 18),
(347, 'Rehabilitación', '2020-04-03', '2020-04-03', 20.08, 128, 2),
(348, 'Consulta', '2020-04-26', NULL, NULL, 93, 10),
(349, 'Consulta', '2021-10-05', '2021-10-25', 40.48, 150, 5),
(350, 'Rehabilitación', '2022-03-25', '2022-03-28', 18.1, 40, 9),
(351, 'Rehabilitación', '2021-02-25', '2021-03-20', 41.71, 113, 15),
(352, 'Seguimiento', '2021-09-11', '2021-10-05', 36.68, 335, 8),
(353, 'Rehabilitación', '2021-07-01', '2021-07-18', 28.58, 28, 12),
(354, 'Cirugía', '2023-12-15', '2023-12-30', 21.44, 105, 5),
(355, 'Rehabilitación', '2021-04-17', '2021-05-04', 21.85, 191, 5),
(356, 'Consulta', '2021-04-26', '2021-05-16', 37.58, 59, 1),
(357, 'Cirugía', '2020-03-10', '2020-03-28', 26.84, 44, 2),
(358, 'Urgencia', '2023-06-02', '2023-06-02', 19.84, 197, 15),
(359, 'Consulta', '2021-04-04', '2021-04-09', 20.18, 273, 2),
(360, 'Seguimiento', '2021-09-16', NULL, NULL, 391, 12),
(361, 'Consulta', '2023-05-31', '2023-06-10', 31.22, 135, 19),
(362, 'Hospitalización', '2024-03-30', NULL, NULL, 372, 20),
(363, 'Cirugía', '2022-05-25', '2022-06-23', 45.91, 30, 4),
(364, 'Rehabilitación', '2022-03-05', '2022-04-03', 44.59, 274, 15),
(365, 'Cirugía', '2023-03-18', '2023-04-11', 35.93, 84, 13),
(366, 'Cirugía', '2024-03-07', '2024-03-14', 10.03, 8, 9),
(367, 'Seguimiento', '2021-07-15', NULL, NULL, 128, 18),
(368, 'Urgencia', '2021-11-22', '2021-11-23', 15.16, 186, 9),
(369, 'Seguimiento', '2021-05-28', '2021-06-22', 42.75, 7, 4),
(370, 'Urgencia', '2023-03-10', '2023-04-05', 32.08, 92, 15),
(371, 'Cirugía', '2020-02-05', '2020-02-19', 14.85, 184, 16),
(372, 'Seguimiento', '2023-02-13', '2023-02-14', 14.33, 41, 9),
(373, 'Rehabilitación', '2023-02-03', '2023-02-05', 12.13, 133, 9),
(374, 'Urgencia', '2022-10-10', NULL, NULL, 323, 6),
(375, 'Hospitalización', '2023-06-19', '2023-06-26', 9.63, 20, 6),
(376, 'Seguimiento', '2022-11-03', '2022-11-21', 25.3, 284, 8),
(377, 'Consulta', '2024-01-03', '2024-01-11', 8.37, 181, 18),
(378, 'Seguimiento', '2020-04-01', '2020-04-12', 13.51, 260, 15),
(379, 'Consulta', '2022-11-12', NULL, NULL, 105, 11),
(380, 'Rehabilitación', '2022-01-30', '2022-02-20', 30.57, 329, 14),
(381, 'Urgencia', '2020-10-20', NULL, NULL, 311, 12),
(382, 'Urgencia', '2022-04-15', '2022-04-26', 21.83, 151, 20),
(383, 'Consulta', '2020-11-24', '2020-12-03', 30.4, 303, 1),
(384, 'Consulta', '2023-06-01', '2023-06-11', 21.75, 400, 17),
(385, 'Rehabilitación', '2023-12-30', '2024-01-05', 14.71, 299, 2),
(386, 'Seguimiento', '2024-01-27', NULL, NULL, 391, 3),
(387, 'Consulta', '2021-04-04', '2021-04-22', 32.5, 376, 14),
(388, 'Rehabilitación', '2024-02-10', NULL, NULL, 271, 2),
(389, 'Rehabilitación', '2022-08-25', '2022-09-10', 26.14, 138, 7),
(390, 'Rehabilitación', '2021-08-23', '2021-09-02', 15.59, 394, 12),
(391, 'Hospitalización', '2022-07-22', '2022-07-25', 18.94, 228, 14),
(392, 'Urgencia', '2020-06-12', '2020-06-28', 17.76, 186, 16),
(393, 'Rehabilitación', '2021-04-16', '2021-04-29', 18.28, 65, 18),
(394, 'Hospitalización', '2024-05-09', '2024-05-30', 34.45, 71, 20),
(395, 'Urgencia', '2021-08-10', '2021-08-13', 4.87, 216, 17),
(396, 'Hospitalización', '2023-03-25', '2023-04-22', 45.77, 93, 15),
(397, 'Consulta', '2020-12-07', NULL, NULL, 135, 18),
(398, 'Seguimiento', '2022-08-20', '2022-08-24', 24, 221, 1),
(399, 'Seguimiento', '2020-12-07', '2020-12-11', 15.84, 272, 13),
(400, 'Cirugía', '2021-12-26', NULL, NULL, 357, 18);

-- --------------------------------------------------------

--
-- Estructura de tabla para la tabla `estancia`
--

DROP TABLE IF EXISTS `estancia`;
CREATE TABLE IF NOT EXISTS `estancia` (
  `idEstancia` int(11) NOT NULL AUTO_INCREMENT,
  `fechaInicio` date NOT NULL,
  `fechaFin` date DEFAULT NULL,
  `duracion` double DEFAULT NULL,
  `idEpisodio` int(11) NOT NULL,
  `idHabitacion` int(11) NOT NULL,
  PRIMARY KEY (`idEstancia`),
  KEY `fk_estancia_episodio` (`idEpisodio`),
  KEY `fk_estancia_habitacion` (`idHabitacion`)
) ENGINE=InnoDB AUTO_INCREMENT=401 DEFAULT CHARSET=utf8mb4 COLLATE=utf8mb4_spanish_ci;

--
-- Truncar tablas antes de insertar `estancia`
--

TRUNCATE TABLE `estancia`;
--
-- Volcado de datos para la tabla `estancia`
--

INSERT INTO `estancia` (`idEstancia`, `fechaInicio`, `fechaFin`, `duracion`, `idEpisodio`, `idHabitacion`) VALUES
(1, '2021-08-07', '2021-08-15', 30.29, 222, 83),
(2, '2023-05-29', '2023-06-09', 25.02, 67, 71),
(3, '2021-02-04', '2021-02-09', 15.39, 323, 70),
(4, '2023-10-24', '2023-10-26', 17.06, 260, 12),
(5, '2023-05-13', NULL, NULL, 183, 70),
(6, '2021-05-28', '2021-05-30', 2.6, 206, 79),
(7, '2021-06-25', '2021-06-25', 16.55, 232, 85),
(8, '2020-06-19', '2020-07-01', 24.47, 237, 80),
(9, '2023-11-16', '2023-11-17', 8.36, 295, 74),
(10, '2020-11-01', '2020-11-03', 14.24, 101, 88),
(11, '2023-08-01', '2023-08-06', 19.38, 269, 31),
(12, '2023-07-11', '2023-07-12', 18.38, 189, 50),
(13, '2020-07-27', '2020-07-28', 1.7, 196, 16),
(14, '2020-08-14', '2020-08-20', 23.17, 86, 48),
(15, '2021-08-19', NULL, NULL, 138, 68),
(16, '2024-04-08', '2024-04-10', 10.12, 202, 79),
(17, '2023-08-08', '2023-08-13', 17.25, 151, 74),
(18, '2021-08-19', '2021-08-22', 15.56, 138, 74),
(19, '2021-08-08', '2021-08-09', 16.74, 53, 42),
(20, '2021-08-02', '2021-08-07', 26.02, 96, 44),
(21, '2023-05-13', '2023-05-16', 24.76, 200, 29),
(22, '2021-04-26', '2021-05-07', 13.35, 356, 65),
(23, '2023-02-06', '2023-02-11', 5.59, 55, 83),
(24, '2023-05-03', '2023-05-16', 25.85, 251, 3),
(25, '2021-09-13', '2021-09-17', 9.16, 313, 25),
(26, '2021-03-15', '2021-03-17', 23.31, 157, 15),
(27, '2021-12-23', '2021-12-23', 12, 247, 91),
(28, '2022-07-24', NULL, NULL, 171, 5),
(29, '2023-12-07', NULL, NULL, 45, 40),
(30, '2024-02-05', '2024-02-07', 21.03, 46, 26),
(31, '2023-02-04', '2023-02-13', 29.38, 55, 54),
(32, '2021-09-23', '2021-09-26', 8.48, 244, 55),
(33, '2024-01-23', NULL, NULL, 230, 80),
(34, '2023-05-31', '2023-06-02', 23.86, 137, 12),
(35, '2023-11-05', NULL, NULL, 19, 50),
(36, '2022-04-08', '2022-04-12', 16.05, 316, 72),
(37, '2020-06-24', '2020-06-27', 3.15, 31, 47),
(38, '2023-05-28', '2023-06-14', 36.7, 67, 45),
(39, '2021-05-27', '2021-06-04', 26.61, 206, 100),
(40, '2020-09-12', NULL, NULL, 220, 42),
(41, '2023-03-27', '2023-04-10', 20.43, 396, 22),
(42, '2020-03-22', '2020-04-01', 32.61, 71, 86),
(43, '2022-08-29', '2022-09-11', 35.18, 144, 41),
(44, '2023-03-20', '2023-03-24', 11, 365, 79),
(45, '2020-09-18', '2020-09-23', 5.58, 61, 1),
(46, '2022-05-20', NULL, NULL, 21, 40),
(47, '2021-05-07', NULL, NULL, 191, 83),
(48, '2024-03-18', '2024-03-23', 25.18, 119, 15),
(49, '2022-07-10', NULL, NULL, 167, 1),
(50, '2022-04-13', '2022-04-19', 20.57, 166, 55),
(51, '2021-09-18', NULL, NULL, 285, 13),
(52, '2023-10-26', '2023-11-11', 30.19, 146, 50),
(53, '2022-06-29', '2022-07-03', 15.49, 301, 89),
(54, '2023-05-02', '2023-05-11', 23.79, 114, 20),
(55, '2020-11-24', NULL, NULL, 383, 66),
(56, '2022-11-14', NULL, NULL, 379, 48),
(57, '2020-03-28', '2020-03-29', 19.52, 148, 23),
(58, '2022-05-27', '2022-05-28', 5.38, 363, 9),
(59, '2021-01-24', '2021-01-25', 15.35, 65, 8),
(60, '2022-07-31', NULL, NULL, 194, 12),
(61, '2023-09-12', '2023-09-17', 9.69, 267, 71),
(62, '2020-06-09', NULL, NULL, 238, 22),
(63, '2021-04-17', '2021-04-20', 7.07, 393, 24),
(64, '2022-02-07', '2022-02-12', 17.93, 180, 35),
(65, '2020-11-04', '2020-11-05', 8.48, 248, 80),
(66, '2020-09-05', '2020-09-17', 32.69, 47, 71),
(67, '2023-11-21', NULL, NULL, 124, 7),
(68, '2023-07-28', '2023-07-31', 7.04, 282, 59),
(69, '2021-09-11', NULL, NULL, 352, 92),
(70, '2023-02-03', '2023-02-08', 27, 373, 4),
(71, '2022-07-09', NULL, NULL, 167, 74),
(72, '2021-08-25', NULL, NULL, 291, 53),
(73, '2020-01-20', '2020-01-30', 29.64, 88, 10),
(74, '2021-03-01', NULL, NULL, 328, 71),
(75, '2024-01-18', '2024-01-28', 18.36, 74, 32),
(76, '2024-01-10', NULL, NULL, 296, 72),
(77, '2021-06-01', '2021-06-15', 30.95, 158, 64),
(78, '2022-05-19', '2022-05-22', 24.66, 113, 74),
(79, '2022-07-23', '2022-08-07', 29.06, 171, 93),
(80, '2024-01-25', '2024-02-12', 28.09, 60, 24),
(81, '2020-04-21', '2020-04-21', 7.62, 293, 86),
(82, '2023-09-30', '2023-10-03', 7.93, 306, 91),
(83, '2023-11-27', '2023-12-13', 21.59, 168, 20),
(84, '2023-07-27', '2023-07-28', 19.24, 15, 51),
(85, '2022-10-12', '2022-10-18', 9.99, 374, 6),
(86, '2023-10-29', '2023-11-12', 22.03, 136, 27),
(87, '2021-04-19', '2021-04-29', 21.83, 355, 24),
(88, '2022-12-06', '2022-12-06', 4.65, 122, 36),
(89, '2020-11-14', '2020-11-16', 4.52, 155, 9),
(90, '2022-02-19', '2022-02-21', 2.53, 178, 20),
(91, '2020-06-11', NULL, NULL, 330, 94),
(92, '2022-06-29', '2022-06-29', 6.96, 301, 62),
(93, '2022-07-22', '2022-07-28', 7.3, 142, 26),
(94, '2023-05-23', '2023-05-25', 6.84, 3, 76),
(95, '2021-08-12', '2021-08-13', 10.15, 256, 82),
(96, '2021-02-28', NULL, NULL, 78, 27),
(97, '2021-01-21', '2021-02-03', 23.73, 81, 85),
(98, '2023-08-08', NULL, NULL, 72, 99),
(99, '2022-04-17', NULL, NULL, 382, 15),
(100, '2020-07-26', NULL, NULL, 196, 24),
(101, '2023-06-01', '2023-06-02', 4.13, 22, 44),
(102, '2020-05-26', '2020-06-02', 11.55, 339, 80),
(103, '2020-11-26', NULL, NULL, 383, 38),
(104, '2020-04-21', '2020-04-24', 15.33, 293, 85),
(105, '2021-08-31', '2021-09-08', 10.38, 92, 98),
(106, '2023-03-10', NULL, NULL, 145, 37),
(107, '2024-02-17', '2024-02-21', 25.2, 12, 2),
(108, '2024-01-10', '2024-01-11', 14.72, 296, 49),
(109, '2020-12-04', '2020-12-10', 22.11, 66, 47),
(110, '2022-02-08', '2022-02-08', 18.52, 180, 28),
(111, '2021-07-17', '2021-07-19', 19.92, 367, 75),
(112, '2021-02-25', '2021-03-04', 9.73, 255, 36),
(113, '2023-05-14', '2023-05-24', 22.41, 98, 50),
(114, '2021-05-31', NULL, NULL, 158, 4),
(115, '2022-10-28', '2022-10-28', 3.24, 133, 62),
(116, '2022-08-07', NULL, NULL, 28, 79),
(117, '2023-05-30', NULL, NULL, 83, 64),
(118, '2022-01-14', NULL, NULL, 143, 80),
(119, '2020-11-15', '2020-11-18', 12.8, 32, 76),
(120, '2024-02-16', NULL, NULL, 12, 17),
(121, '2023-03-12', '2023-03-14', 9.35, 145, 21),
(122, '2021-02-27', '2021-03-03', 4.74, 351, 8),
(123, '2021-07-15', '2021-07-22', 19.98, 64, 99),
(124, '2021-03-01', '2021-03-10', 10.49, 328, 57),
(125, '2023-06-19', '2023-06-24', 11.56, 303, 23),
(126, '2020-11-30', '2020-12-01', 20.25, 127, 33),
(127, '2020-06-19', NULL, NULL, 237, 6),
(128, '2021-09-16', '2021-09-19', 3.89, 285, 4),
(129, '2020-04-02', '2020-04-05', 12.17, 378, 98),
(130, '2020-09-04', NULL, NULL, 47, 67),
(131, '2023-06-03', NULL, NULL, 22, 13),
(132, '2023-02-05', '2023-02-06', 14.63, 373, 93),
(133, '2024-05-14', '2024-05-16', 6.5, 56, 6),
(134, '2023-03-08', NULL, NULL, 210, 7),
(135, '2020-06-20', NULL, NULL, 237, 11),
(136, '2021-11-24', '2021-12-02', 19.32, 25, 26),
(137, '2021-05-27', NULL, NULL, 206, 26),
(138, '2023-05-31', '2023-06-02', 14.23, 13, 68),
(139, '2020-04-04', '2020-04-13', 14.84, 347, 4),
(140, '2023-07-27', '2023-07-30', 25.99, 105, 100),
(141, '2021-07-26', '2021-08-03', 27.28, 103, 51),
(142, '2022-08-20', NULL, NULL, 224, 75),
(143, '2022-01-18', NULL, NULL, 33, 18),
(144, '2021-04-05', NULL, NULL, 359, 8),
(145, '2023-06-01', '2023-06-03', 24.2, 137, 81),
(146, '2021-04-26', '2021-04-26', 10.28, 302, 63),
(147, '2020-02-24', NULL, NULL, 342, 33),
(148, '2023-06-16', '2023-06-25', 14.43, 20, 99),
(149, '2023-05-07', '2023-05-15', 21.21, 283, 41),
(150, '2023-02-05', '2023-02-07', 20.04, 128, 6),
(151, '2024-03-21', '2024-03-23', 8.85, 131, 77),
(152, '2021-02-26', '2021-03-13', 29.69, 255, 83),
(153, '2023-09-06', '2023-09-09', 21.71, 34, 49),
(154, '2020-03-30', '2020-04-02', 23.89, 309, 13),
(155, '2024-01-19', '2024-01-20', 12.04, 77, 35),
(156, '2023-02-03', '2023-02-09', 10.21, 128, 95),
(157, '2021-07-03', '2021-07-12', 22.41, 353, 15),
(158, '2021-09-13', '2021-09-15', 5.8, 313, 56),
(159, '2020-05-24', NULL, NULL, 339, 60),
(160, '2021-03-23', '2021-03-28', 7.43, 27, 53),
(161, '2022-07-31', '2022-08-01', 3.19, 29, 70),
(162, '2022-09-22', '2022-10-10', 29.8, 43, 65),
(163, '2021-12-28', '2021-12-28', 1.92, 400, 57),
(164, '2024-02-17', '2024-02-26', 30.34, 12, 66),
(165, '2023-07-23', '2023-07-27', 10.99, 16, 18),
(166, '2023-05-29', '2023-06-06', 19.8, 83, 30),
(167, '2020-04-22', '2020-04-29', 28.45, 293, 70),
(168, '2020-10-12', '2020-10-20', 9.08, 89, 61),
(169, '2024-01-21', '2024-01-27', 10.35, 164, 73),
(170, '2020-11-09', '2020-11-09', 21.49, 44, 66),
(171, '2021-08-14', '2021-08-16', 15.8, 256, 55),
(172, '2022-06-26', NULL, NULL, 287, 93),
(173, '2024-01-28', '2024-01-29', 7.14, 386, 76),
(174, '2020-02-23', '2020-02-24', 19.17, 182, 55),
(175, '2020-03-26', '2020-04-02', 11.07, 58, 37),
(176, '2021-05-04', '2021-05-09', 21.63, 346, 46),
(177, '2023-02-05', '2023-02-07', 8.74, 55, 6),
(178, '2020-01-20', '2020-01-29', 17.66, 310, 70),
(179, '2023-02-05', '2023-02-18', 13.59, 128, 58),
(180, '2021-08-19', NULL, NULL, 262, 57),
(181, '2024-05-22', '2024-05-25', 6.27, 6, 46),
(182, '2023-02-25', '2023-03-01', 16.48, 297, 17),
(183, '2023-11-30', '2023-12-04', 16.3, 1, 69),
(184, '2020-03-12', NULL, NULL, 357, 6),
(185, '2022-08-20', '2022-08-27', 10.48, 224, 97),
(186, '2022-12-16', '2022-12-19', 3.51, 270, 9),
(187, '2024-02-05', NULL, NULL, 46, 15),
(188, '2022-06-29', NULL, NULL, 301, 85),
(189, '2021-04-06', '2021-04-12', 26.08, 387, 92),
(190, '2023-06-29', NULL, NULL, 209, 61),
(191, '2021-05-29', '2021-05-31', 24.56, 369, 6),
(192, '2024-03-20', '2024-03-23', 10.65, 131, 90),
(193, '2024-02-15', '2024-02-19', 15.4, 12, 34),
(194, '2021-07-17', NULL, NULL, 64, 41),
(195, '2021-08-12', '2021-08-16', 4.65, 333, 73),
(196, '2020-09-08', '2020-09-23', 35.62, 214, 96),
(197, '2023-09-08', NULL, NULL, 34, 34),
(198, '2022-09-04', '2022-09-05', 13.57, 305, 94),
(199, '2020-12-02', '2020-12-06', 6.23, 2, 11),
(200, '2023-08-06', '2023-08-07', 20.31, 227, 80),
(201, '2024-01-05', '2024-01-13', 17.71, 95, 85),
(202, '2021-08-28', '2021-09-03', 22.02, 276, 71),
(203, '2023-06-09', '2023-06-18', 16.18, 226, 12),
(204, '2023-11-28', '2023-12-08', 11.13, 168, 16),
(205, '2020-09-22', '2020-09-22', 19.43, 315, 100),
(206, '2024-03-06', NULL, NULL, 245, 49),
(207, '2021-04-26', '2021-04-29', 4.81, 356, 88),
(208, '2023-02-03', NULL, NULL, 373, 77),
(209, '2021-08-28', '2021-09-03', 13.23, 276, 53),
(210, '2022-03-07', NULL, NULL, 364, 66),
(211, '2023-02-26', '2023-02-27', 9.72, 297, 1),
(212, '2021-09-04', '2021-09-13', 27.56, 26, 39),
(213, '2023-04-03', '2023-04-04', 22.17, 272, 49),
(214, '2022-03-26', '2022-04-08', 22.92, 350, 53),
(215, '2021-09-05', '2021-09-07', 2.33, 26, 40),
(216, '2022-09-01', '2022-09-15', 21.82, 162, 4),
(217, '2020-04-22', '2020-04-27', 27.19, 293, 25),
(218, '2023-10-25', NULL, NULL, 260, 17),
(219, '2020-04-22', '2020-04-28', 24.02, 125, 82),
(220, '2024-01-05', '2024-01-05', 2.49, 95, 81),
(221, '2024-04-17', '2024-04-17', 0.21, 172, 87),
(222, '2023-08-16', '2023-08-17', 4.5, 218, 24),
(223, '2022-07-23', '2022-08-07', 22.14, 391, 18),
(224, '2020-06-13', '2020-06-13', 2.38, 392, 23),
(225, '2022-08-29', '2022-08-31', 22.95, 144, 65),
(226, '2023-03-04', '2023-03-04', 0.14, 129, 69),
(227, '2023-05-29', '2023-06-10', 23.07, 8, 64),
(228, '2022-06-24', NULL, NULL, 287, 11),
(229, '2020-10-14', '2020-10-21', 28.41, 89, 2),
(230, '2022-10-16', NULL, NULL, 140, 92),
(231, '2023-03-08', '2023-03-09', 4.39, 210, 15),
(232, '2024-01-28', NULL, NULL, 85, 33),
(233, '2020-11-17', '2020-11-27', 15.24, 118, 45),
(234, '2020-03-12', '2020-03-13', 11.61, 357, 45),
(235, '2022-01-06', '2022-01-14', 12.02, 326, 17),
(236, '2021-07-17', '2021-07-25', 15.46, 64, 33),
(237, '2021-10-14', NULL, NULL, 186, 87),
(238, '2020-09-12', '2020-09-16', 19, 220, 44),
(239, '2022-11-12', '2022-11-12', 3.22, 379, 25),
(240, '2024-03-23', '2024-03-31', 22.14, 79, 95),
(241, '2023-06-20', '2023-06-22', 12.37, 375, 100),
(242, '2021-07-14', NULL, NULL, 204, 38),
(243, '2020-08-31', '2020-09-03', 6.9, 331, 25),
(244, '2021-09-18', '2021-09-24', 7.67, 285, 61),
(245, '2020-02-25', NULL, NULL, 182, 70),
(246, '2020-11-14', '2020-11-17', 22.01, 32, 33),
(247, '2021-01-28', '2021-01-29', 15, 169, 30),
(248, '2022-07-11', '2022-07-13', 16.35, 167, 30),
(249, '2021-09-10', '2021-09-10', 19.73, 170, 90),
(250, '2020-02-21', NULL, NULL, 325, 9),
(251, '2021-07-16', '2021-07-25', 20.83, 367, 9),
(252, '2023-08-17', '2023-08-21', 9.85, 218, 86),
(253, '2023-03-30', '2023-04-01', 6.84, 185, 69),
(254, '2021-10-15', NULL, NULL, 186, 78),
(255, '2024-04-29', '2024-05-02', 3.36, 318, 88),
(256, '2023-06-07', '2023-06-08', 4.38, 334, 59),
(257, '2021-10-09', '2021-10-21', 30.49, 258, 73),
(258, '2023-02-26', '2023-03-14', 33.86, 297, 98),
(259, '2023-12-17', NULL, NULL, 354, 41),
(260, '2021-12-23', '2021-12-26', 9.31, 247, 58),
(261, '2021-10-05', '2021-10-05', 18.64, 349, 94),
(262, '2022-05-22', '2022-06-02', 16.81, 307, 35),
(263, '2023-11-27', '2023-12-04', 10.74, 68, 31),
(264, '2022-12-06', '2022-12-06', 22.66, 122, 85),
(265, '2023-07-29', NULL, NULL, 282, 21),
(266, '2021-08-23', '2021-09-08', 37.26, 291, 92),
(267, '2024-01-10', '2024-01-11', 3.79, 296, 15),
(268, '2023-05-29', NULL, NULL, 8, 1),
(269, '2024-03-19', '2024-03-26', 16.98, 9, 15),
(270, '2021-12-24', '2022-01-10', 38.15, 24, 87),
(271, '2021-12-23', '2021-12-23', 18.81, 247, 25),
(272, '2021-05-06', '2021-05-06', 21.1, 191, 31),
(273, '2023-11-01', '2023-11-02', 14.56, 284, 97),
(274, '2021-11-24', '2021-11-28', 8.48, 25, 40),
(275, '2023-03-09', '2023-03-09', 0.08, 210, 94),
(276, '2023-03-25', '2023-03-27', 2.08, 396, 36),
(277, '2021-01-28', '2021-01-30', 9.62, 169, 89),
(278, '2021-12-25', '2021-12-31', 12.18, 24, 10),
(279, '2020-07-16', '2020-07-20', 23.95, 7, 91),
(280, '2020-09-05', '2020-09-09', 4.04, 47, 58),
(281, '2022-06-01', NULL, NULL, 278, 79),
(282, '2023-06-18', '2023-06-19', 13.02, 303, 2),
(283, '2023-07-13', '2023-07-19', 18.61, 189, 38),
(284, '2023-10-31', '2023-11-18', 32.3, 284, 21),
(285, '2023-05-29', '2023-05-29', 12.42, 199, 72),
(286, '2021-09-18', '2021-09-21', 13.87, 285, 88),
(287, '2020-05-26', '2020-05-28', 10.37, 339, 48),
(288, '2023-06-18', NULL, NULL, 303, 59),
(289, '2020-08-10', '2020-08-10', 15.94, 40, 31),
(290, '2021-01-24', '2021-01-27', 23.27, 65, 98),
(291, '2022-03-13', '2022-03-30', 36.11, 184, 24),
(292, '2020-07-09', '2020-07-09', 17.5, 195, 74),
(293, '2023-07-11', '2023-07-22', 18.72, 189, 41),
(294, '2020-09-19', '2020-09-20', 16.43, 61, 18),
(295, '2022-05-16', '2022-05-22', 7.72, 250, 70),
(296, '2023-06-16', '2023-06-17', 15, 345, 76),
(297, '2020-07-29', '2020-07-30', 4.24, 207, 62),
(298, '2024-04-17', '2024-04-18', 19.66, 172, 34),
(299, '2023-03-12', '2023-03-12', 18.94, 370, 45),
(300, '2021-10-06', '2021-10-07', 11.01, 349, 65),
(301, '2021-01-24', '2021-01-25', 20.42, 65, 47),
(302, '2021-02-25', '2021-02-25', 1.46, 255, 52),
(303, '2022-05-21', '2022-05-25', 25.86, 113, 59),
(304, '2020-01-20', '2020-01-27', 29.81, 88, 65),
(305, '2021-05-19', '2021-05-19', 1.34, 84, 63),
(306, '2023-09-14', '2023-09-19', 8.7, 267, 34),
(307, '2021-11-23', NULL, NULL, 368, 18),
(308, '2021-11-04', '2021-11-15', 11.14, 215, 9),
(309, '2020-06-23', '2020-06-23', 2.67, 31, 48),
(310, '2023-11-30', NULL, NULL, 1, 60),
(311, '2024-05-15', NULL, NULL, 56, 24),
(312, '2020-04-11', '2020-04-13', 10.34, 219, 57),
(313, '2022-08-08', NULL, NULL, 28, 6),
(314, '2020-12-05', NULL, NULL, 17, 56),
(315, '2020-10-18', '2020-10-19', 6.9, 304, 90),
(316, '2022-08-22', '2022-08-31', 21.92, 335, 42),
(317, '2023-06-03', NULL, NULL, 358, 83),
(318, '2021-12-14', '2021-12-23', 21.77, 73, 28),
(319, '2022-12-23', NULL, NULL, 212, 33),
(320, '2022-01-15', '2022-01-28', 29.85, 143, 80),
(321, '2023-03-12', '2023-03-18', 24.51, 370, 69),
(322, '2022-09-22', '2022-09-22', 5.93, 43, 6),
(323, '2024-03-22', '2024-04-03', 17.1, 79, 24),
(324, '2020-10-01', '2020-10-06', 15.07, 36, 68),
(325, '2020-06-12', '2020-06-15', 15.19, 392, 52),
(326, '2022-10-17', '2022-10-24', 11.46, 140, 71),
(327, '2022-05-21', '2022-05-29', 19.58, 113, 71),
(328, '2023-05-16', '2023-05-22', 27.19, 156, 81),
(329, '2021-11-05', '2021-11-06', 8.61, 153, 7),
(330, '2021-10-24', '2021-10-25', 9.28, 229, 80),
(331, '2024-04-16', NULL, NULL, 172, 51),
(332, '2021-09-27', '2021-09-27', 12.44, 82, 43),
(333, '2021-04-17', NULL, NULL, 393, 64),
(334, '2021-02-06', '2021-02-06', 20.46, 323, 13),
(335, '2022-09-22', '2022-10-04', 14.18, 43, 88),
(336, '2023-05-02', '2023-05-09', 22.69, 10, 7),
(337, '2021-09-13', NULL, NULL, 352, 82),
(338, '2023-06-01', '2023-06-04', 10.25, 13, 35),
(339, '2023-06-02', '2023-06-02', 15.34, 358, 24),
(340, '2021-10-12', '2021-10-23', 31.05, 225, 8),
(341, '2024-05-22', '2024-05-22', 7.35, 6, 44),
(342, '2021-08-28', '2021-09-09', 27.06, 110, 88),
(343, '2021-04-27', '2021-05-07', 10.74, 302, 37),
(344, '2024-04-14', NULL, NULL, 23, 57),
(345, '2023-05-31', '2023-06-01', 22.41, 361, 91),
(346, '2020-10-22', '2020-10-22', 15.33, 381, 9),
(347, '2021-11-23', '2021-12-03', 24.31, 25, 39),
(348, '2023-03-27', NULL, NULL, 396, 89),
(349, '2023-02-25', NULL, NULL, 297, 45),
(350, '2021-01-24', '2021-01-24', 11.65, 65, 90),
(351, '2021-08-24', NULL, NULL, 390, 70),
(352, '2021-03-13', '2021-03-14', 23.78, 154, 44),
(353, '2022-04-08', '2022-04-19', 18.96, 316, 97),
(354, '2020-04-22', '2020-04-24', 3.05, 125, 50),
(355, '2021-02-11', NULL, NULL, 37, 63),
(356, '2023-10-06', NULL, NULL, 292, 3),
(357, '2021-07-16', '2021-07-17', 2.69, 204, 50),
(358, '2021-11-23', '2021-11-25', 22.6, 368, 62),
(359, '2023-12-06', '2023-12-11', 25.46, 257, 28),
(360, '2020-09-22', '2020-09-26', 17.36, 340, 48),
(361, '2022-08-20', NULL, NULL, 116, 63),
(362, '2020-09-08', '2020-09-10', 9.55, 235, 28),
(363, '2023-05-31', '2023-05-31', 11.34, 83, 49),
(364, '2021-12-02', NULL, NULL, 161, 51),
(365, '2024-01-05', NULL, NULL, 95, 69),
(366, '2024-03-19', '2024-03-24', 26.78, 131, 90),
(367, '2020-12-07', NULL, NULL, 399, 29),
(368, '2021-06-01', '2021-06-01', 16.96, 158, 5),
(369, '2020-04-21', '2020-05-04', 28.57, 293, 46),
(370, '2020-06-08', '2020-06-25', 38.01, 126, 66),
(371, '2021-10-06', NULL, NULL, 130, 15),
(372, '2024-02-05', '2024-02-07', 16.17, 46, 1),
(373, '2023-03-12', '2023-03-22', 27.35, 145, 73),
(374, '2021-09-18', '2021-09-23', 7.02, 285, 76),
(375, '2020-04-03', '2020-04-05', 11.09, 378, 30),
(376, '2023-11-20', '2023-11-26', 6.19, 124, 89),
(377, '2021-12-13', '2021-12-18', 6.79, 73, 60),
(378, '2020-06-08', '2020-06-08', 20.87, 238, 15),
(379, '2020-09-04', '2020-09-12', 8.14, 47, 25),
(380, '2020-02-15', '2020-02-19', 20.69, 221, 22),
(381, '2022-01-06', '2022-01-09', 15.01, 35, 63),
(382, '2020-02-05', '2020-02-08', 12.98, 371, 99),
(383, '2020-03-27', '2020-04-07', 18.64, 58, 71),
(384, '2024-02-21', '2024-03-01', 26.24, 42, 89),
(385, '2023-12-22', '2023-12-25', 15.79, 241, 6),
(386, '2022-05-25', '2022-05-28', 14.01, 363, 98),
(387, '2021-04-06', '2021-04-09', 17, 359, 20),
(388, '2022-09-29', '2022-10-05', 17.71, 261, 43),
(389, '2021-06-15', '2021-06-19', 7.87, 160, 97),
(390, '2024-03-05', NULL, NULL, 245, 23),
(391, '2023-05-07', '2023-05-11', 18.38, 283, 30),
(392, '2021-07-05', '2021-07-06', 3.04, 70, 36),
(393, '2022-05-16', '2022-05-21', 24.79, 250, 96),
(394, '2023-04-11', '2023-04-20', 22.86, 57, 26),
(395, '2021-04-04', '2021-04-04', 0.83, 359, 27),
(396, '2021-09-05', '2021-09-06', 20.6, 26, 17),
(397, '2021-11-23', '2021-11-28', 25.14, 368, 32),
(398, '2021-05-07', NULL, NULL, 191, 100),
(399, '2022-08-25', '2022-08-30', 25.39, 389, 53),
(400, '2021-10-07', NULL, NULL, 130, 88);

-- --------------------------------------------------------

--
-- Estructura de tabla para la tabla `habitacion`
--

DROP TABLE IF EXISTS `habitacion`;
CREATE TABLE IF NOT EXISTS `habitacion` (
  `idHabitacion` int(11) NOT NULL AUTO_INCREMENT,
  `planta` int(11) NOT NULL,
  `numero` int(11) NOT NULL,
  `cama` varchar(10) NOT NULL,
  `tipo` varchar(50) NOT NULL,
  `estado` varchar(30) NOT NULL,
  `identificador` varchar(30) NOT NULL,
  PRIMARY KEY (`idHabitacion`)
) ENGINE=InnoDB AUTO_INCREMENT=101 DEFAULT CHARSET=utf8mb4 COLLATE=utf8mb4_spanish_ci;

--
-- Truncar tablas antes de insertar `habitacion`
--

TRUNCATE TABLE `habitacion`;
--
-- Volcado de datos para la tabla `habitacion`
--

INSERT INTO `habitacion` (`idHabitacion`, `planta`, `numero`, `cama`, `tipo`, `estado`, `identificador`) VALUES
(1, 1, 112, 'B', 'Doble', 'Ocupada', 'H1-112B'),
(2, 2, 477, 'A', 'Aislamiento', 'Disponible', 'H2-477A'),
(3, 5, 316, 'A', 'Individual', 'Disponible', 'H5-316A'),
(4, 2, 219, 'A', 'Aislamiento', 'Ocupada', 'H2-219A'),
(5, 5, 314, 'A', 'UCI', 'En limpieza', 'H5-314A'),
(6, 1, 488, 'A', 'UCI', 'En limpieza', 'H1-488A'),
(7, 3, 179, 'A', 'Suite', 'Disponible', 'H3-179A'),
(8, 1, 294, 'A', 'Suite', 'En limpieza', 'H1-294A'),
(9, 5, 235, 'A', 'UCI', 'Disponible', 'H5-235A'),
(10, 4, 140, 'B', 'Aislamiento', 'En limpieza', 'H4-140B'),
(11, 5, 198, 'A', 'Individual', 'Ocupada', 'H5-198A'),
(12, 3, 140, 'A', 'Individual', 'En mantenimiento', 'H3-140A'),
(13, 3, 332, 'B', 'Doble', 'En limpieza', 'H3-332B'),
(14, 3, 207, 'B', 'Individual', 'Ocupada', 'H3-207B'),
(15, 5, 473, 'A', 'Doble', 'En mantenimiento', 'H5-473A'),
(16, 4, 238, 'A', 'Suite', 'Disponible', 'H4-238A'),
(17, 2, 520, 'A', 'Suite', 'En mantenimiento', 'H2-520A'),
(18, 3, 133, 'A', 'Aislamiento', 'En limpieza', 'H3-133A'),
(19, 2, 435, 'B', 'UCI', 'En mantenimiento', 'H2-435B'),
(20, 2, 235, 'A', 'Doble', 'En limpieza', 'H2-235A'),
(21, 5, 319, 'B', 'Suite', 'Ocupada', 'H5-319B'),
(22, 2, 360, 'B', 'Individual', 'Disponible', 'H2-360B'),
(23, 1, 178, 'A', 'UCI', 'Disponible', 'H1-178A'),
(24, 4, 295, 'B', 'Aislamiento', 'En limpieza', 'H4-295B'),
(25, 5, 540, 'A', 'Individual', 'En limpieza', 'H5-540A'),
(26, 3, 157, 'B', 'UCI', 'Ocupada', 'H3-157B'),
(27, 4, 101, 'B', 'Aislamiento', 'Ocupada', 'H4-101B'),
(28, 5, 567, 'A', 'Suite', 'Ocupada', 'H5-567A'),
(29, 2, 291, 'A', 'Aislamiento', 'Disponible', 'H2-291A'),
(30, 5, 265, 'B', 'Individual', 'Disponible', 'H5-265B'),
(31, 3, 549, 'B', 'Doble', 'Disponible', 'H3-549B'),
(32, 2, 549, 'A', 'Individual', 'En mantenimiento', 'H2-549A'),
(33, 1, 489, 'A', 'Doble', 'En mantenimiento', 'H1-489A'),
(34, 5, 184, 'B', 'Aislamiento', 'En mantenimiento', 'H5-184B'),
(35, 2, 575, 'A', 'Suite', 'En mantenimiento', 'H2-575A'),
(36, 3, 324, 'B', 'Individual', 'Ocupada', 'H3-324B'),
(37, 2, 132, 'B', 'Individual', 'Ocupada', 'H2-132B'),
(38, 5, 212, 'A', 'Individual', 'Disponible', 'H5-212A'),
(39, 2, 134, 'A', 'Suite', 'Disponible', 'H2-134A'),
(40, 5, 221, 'B', 'UCI', 'Ocupada', 'H5-221B'),
(41, 5, 167, 'B', 'Doble', 'En mantenimiento', 'H5-167B'),
(42, 4, 197, 'A', 'Individual', 'En mantenimiento', 'H4-197A'),
(43, 3, 316, 'B', 'UCI', 'Disponible', 'H3-316B'),
(44, 1, 131, 'B', 'Suite', 'Disponible', 'H1-131B'),
(45, 2, 198, 'A', 'Aislamiento', 'En mantenimiento', 'H2-198A'),
(46, 2, 316, 'A', 'Suite', 'En mantenimiento', 'H2-316A'),
(47, 2, 547, 'A', 'UCI', 'Disponible', 'H2-547A'),
(48, 1, 433, 'A', 'Individual', 'Ocupada', 'H1-433A'),
(49, 2, 308, 'B', 'UCI', 'Ocupada', 'H2-308B'),
(50, 4, 562, 'A', 'Doble', 'En mantenimiento', 'H4-562A'),
(51, 1, 299, 'B', 'UCI', 'En limpieza', 'H1-299B'),
(52, 4, 456, 'B', 'Doble', 'Ocupada', 'H4-456B'),
(53, 3, 211, 'A', 'Aislamiento', 'Disponible', 'H3-211A'),
(54, 3, 129, 'A', 'Aislamiento', 'En mantenimiento', 'H3-129A'),
(55, 5, 570, 'A', 'Individual', 'Disponible', 'H5-570A'),
(56, 2, 135, 'A', 'Doble', 'En mantenimiento', 'H2-135A'),
(57, 1, 582, 'A', 'Aislamiento', 'Disponible', 'H1-582A'),
(58, 5, 141, 'B', 'Aislamiento', 'En limpieza', 'H5-141B'),
(59, 3, 204, 'B', 'Doble', 'En limpieza', 'H3-204B'),
(60, 4, 167, 'B', 'UCI', 'En limpieza', 'H4-167B'),
(61, 1, 104, 'B', 'Aislamiento', 'Disponible', 'H1-104B'),
(62, 1, 375, 'A', 'Aislamiento', 'En limpieza', 'H1-375A'),
(63, 2, 577, 'B', 'Individual', 'Ocupada', 'H2-577B'),
(64, 3, 245, 'A', 'UCI', 'En limpieza', 'H3-245A'),
(65, 5, 513, 'A', 'Aislamiento', 'En limpieza', 'H5-513A'),
(66, 1, 580, 'A', 'Suite', 'Disponible', 'H1-580A'),
(67, 1, 480, 'A', 'Suite', 'En limpieza', 'H1-480A'),
(68, 5, 207, 'B', 'Doble', 'En limpieza', 'H5-207B'),
(69, 5, 350, 'B', 'Individual', 'Disponible', 'H5-350B'),
(70, 4, 524, 'B', 'Individual', 'Disponible', 'H4-524B'),
(71, 3, 494, 'A', 'Suite', 'Ocupada', 'H3-494A'),
(72, 4, 382, 'B', 'Aislamiento', 'Disponible', 'H4-382B'),
(73, 1, 138, 'A', 'Aislamiento', 'Disponible', 'H1-138A'),
(74, 3, 398, 'A', 'UCI', 'Ocupada', 'H3-398A'),
(75, 1, 257, 'B', 'Individual', 'En limpieza', 'H1-257B'),
(76, 2, 449, 'A', 'Individual', 'En limpieza', 'H2-449A'),
(77, 5, 552, 'B', 'Aislamiento', 'Ocupada', 'H5-552B'),
(78, 2, 542, 'A', 'Doble', 'En mantenimiento', 'H2-542A'),
(79, 1, 191, 'B', 'UCI', 'Ocupada', 'H1-191B'),
(80, 3, 181, 'A', 'UCI', 'Disponible', 'H3-181A'),
(81, 4, 213, 'A', 'UCI', 'En limpieza', 'H4-213A'),
(82, 3, 520, 'A', 'Doble', 'Disponible', 'H3-520A'),
(83, 2, 304, 'B', 'Suite', 'Disponible', 'H2-304B'),
(84, 3, 279, 'B', 'Aislamiento', 'En limpieza', 'H3-279B'),
(85, 1, 159, 'B', 'Doble', 'En limpieza', 'H1-159B'),
(86, 1, 155, 'B', 'Suite', 'En limpieza', 'H1-155B'),
(87, 4, 410, 'A', 'UCI', 'Ocupada', 'H4-410A'),
(88, 3, 122, 'B', 'Individual', 'Ocupada', 'H3-122B'),
(89, 3, 320, 'A', 'Suite', 'En limpieza', 'H3-320A'),
(90, 1, 468, 'B', 'Aislamiento', 'En limpieza', 'H1-468B'),
(91, 4, 267, 'B', 'Suite', 'Ocupada', 'H4-267B'),
(92, 2, 315, 'B', 'Doble', 'En limpieza', 'H2-315B'),
(93, 4, 380, 'A', 'Suite', 'En limpieza', 'H4-380A'),
(94, 2, 320, 'B', 'UCI', 'En mantenimiento', 'H2-320B'),
(95, 4, 445, 'A', 'Aislamiento', 'En mantenimiento', 'H4-445A'),
(96, 2, 437, 'A', 'Suite', 'En limpieza', 'H2-437A'),
(97, 1, 519, 'A', 'Suite', 'Ocupada', 'H1-519A'),
(98, 2, 175, 'A', 'Individual', 'Ocupada', 'H2-175A'),
(99, 4, 412, 'A', 'UCI', 'En mantenimiento', 'H4-412A'),
(100, 5, 199, 'B', 'UCI', 'En mantenimiento', 'H5-199B');

-- --------------------------------------------------------

--
-- Estructura de tabla para la tabla `paciente`
--

DROP TABLE IF EXISTS `paciente`;
CREATE TABLE IF NOT EXISTS `paciente` (
  `idPaciente` int(11) NOT NULL AUTO_INCREMENT,
  `DNI` varchar(9) NOT NULL,
  `nombre` varchar(50) NOT NULL,
  `apellidos` varchar(255) NOT NULL,
  `direccion` varchar(255) DEFAULT NULL,
  `email` varchar(100) DEFAULT NULL,
  `telefono` varchar(9) NOT NULL,
  `fechaNacimiento` date NOT NULL,
  PRIMARY KEY (`idPaciente`),
  UNIQUE KEY `uq_paciente_dni` (`DNI`)
) ENGINE=InnoDB AUTO_INCREMENT=401 DEFAULT CHARSET=utf8mb4 COLLATE=utf8mb4_spanish_ci;

--
-- Truncar tablas antes de insertar `paciente`
--

TRUNCATE TABLE `paciente`;
--
-- Volcado de datos para la tabla `paciente`
--

INSERT INTO `paciente` (`idPaciente`, `DNI`, `nombre`, `apellidos`, `direccion`, `email`, `telefono`, `fechaNacimiento`) VALUES
(1, '10000001S', 'Sara', 'Ruiz García', 'Calle del Sol 100, Gijón', 'sara.ruiz29@hotmail.com', '987083172', '1981-09-07'),
(2, '10000002Q', 'Raúl', 'Mora Pardo', 'Avenida de Andalucía 41, Granada', 'raul.mora79@telefonica.net', '787277434', '2008-09-14'),
(3, '10000003V', 'Julia', 'Mora Leal', 'Calle Real 36, Granada', 'julia.mora10@yahoo.es', '645581223', '1974-05-13'),
(4, '10000004H', 'Iván', 'Ruiz Domínguez', 'Calle del Sol 54, Gijón', 'ivan.ruiz43@telefonica.net', '760366909', '1974-02-15'),
(5, '10000005L', 'Beatriz', 'García Ortiz', 'Paseo de la Castellana 97, Vigo', 'beatriz.garcia54@telefonica.net', '989373467', '1942-08-09'),
(6, '10000006C', 'Fernando', 'Castro Navarro', 'Avenida de la Constitución 60, Zaragoza', 'fernando.castro80@telefonica.net', '669901627', '1956-04-20'),
(7, '10000007K', 'Ana', 'Gil Suárez', 'Calle Nueva 28, Granada', 'ana.gil42@yahoo.es', '746417080', '1971-05-25'),
(8, '10000008E', 'Jorge', 'Rodríguez Martínez', 'Calle Mayor 32, Murcia', 'jorge.rodriguez3@telefonica.net', '632719374', '2008-10-19'),
(9, '10000009T', 'Teresa', 'Hernández Pérez', 'Avenida de la Constitución 40, Sevilla', 'teresa.hernandez75@gmail.com', '796631931', '2002-07-19'),
(10, '10000010R', 'Marco', 'Molina Pérez', 'Avenida de Andalucía 6, Valladolid', 'marco.molina69@outlook.com', '951850671', '1978-11-22'),
(11, '10000011W', 'Teresa', 'Flores Ruiz', 'Avenida de España 23, Oviedo', 'teresa.flores84@yahoo.es', '987769453', '1947-10-10'),
(12, '10000012A', 'Miguel', 'Vega Ramos', 'Calle del Prado 73, Sabadell', 'miguel.vega86@outlook.com', '707527354', '1970-07-14'),
(13, '10000013G', 'Marta', 'Serrano Pardo', 'Calle Mayor 67, Murcia', 'marta.serrano11@hotmail.com', '967837770', '1948-05-07'),
(14, '10000014M', 'Francisco', 'Vázquez Navarro', 'Calle Real 40, Cartagena', 'francisco.vazquez48@outlook.com', '985685574', '1967-07-05'),
(15, '10000015Y', 'Marta', 'Vázquez Pérez', 'Calle Real 41, Sevilla', 'marta.vazquez96@telefonica.net', '923374989', '1965-05-22'),
(16, '10000016F', 'José', 'Torres Moreno', 'Calle Real 47, Málaga', 'jose.torres39@gmail.com', '982400842', '1997-03-23'),
(17, '10000017P', 'Julia', 'Leal González', 'Calle Mayor 74, Alicante', 'julia.leal61@outlook.com', '752047116', '1984-02-12'),
(18, '10000018D', 'Antonio', 'Sánchez Ruiz', 'Avenida de la Constitución 73, Alicante', 'antonio.sanchez11@hotmail.com', '686999386', '1980-06-01'),
(19, '10000019X', 'Silvia', 'Molina Ríos', 'Paseo de la Castellana 73, Sabadell', 'silvia.molina8@telefonica.net', '913341232', '1989-07-09'),
(20, '10000020B', 'Antonio', 'Hernández García', 'Avenida de España 58, Sabadell', 'antonio.hernandez61@yahoo.es', '634471349', '1999-04-26'),
(21, '10000021N', 'Elena', 'Ríos Pérez', 'Calle San Juan 29, Zaragoza', 'elena.rios35@hotmail.com', '602499471', '1982-01-18'),
(22, '10000022J', 'Iván', 'Molina Navarro', 'Paseo de la Castellana 65, Badalona', 'ivan.molina64@outlook.com', '690659401', '1960-07-15'),
(23, '10000023Z', 'Verónica', 'López Serrano', 'Avenida de Andalucía 6, Málaga', 'veronica.lopez61@telefonica.net', '974296717', '1971-03-20'),
(24, '10000024S', 'Javier', 'Castro Blanco', 'Calle del Sol 21, Córdoba', 'javier.castro53@outlook.com', '768071545', '1950-05-26'),
(25, '10000025Q', 'Julia', 'Navarro Nieto', 'Calle Mayor 85, Badalona', 'julia.navarro60@outlook.com', '638597703', '1963-12-16'),
(26, '10000026V', 'Eduardo', 'Jiménez Moreno', 'Calle del Prado 90, Elche', 'eduardo.jimenez16@gmail.com', '993248086', '1948-05-12'),
(27, '10000027H', 'Sara', 'Pérez Flores', 'Calle del Sol 83, Zaragoza', 'sara.perez64@yahoo.es', '946773782', '1974-05-31'),
(28, '10000028L', 'David', 'Nieto Jiménez', 'Calle del Sol 36, Gijón', 'david.nieto44@telefonica.net', '704499727', '1988-04-26'),
(29, '10000029C', 'Beatriz', 'Ortiz Castro', 'Calle San Juan 98, Badalona', 'beatriz.ortiz49@outlook.com', '733963605', '2006-10-23'),
(30, '10000030K', 'Andrés', 'Suárez Suárez', 'Avenida de la Constitución 64, Barcelona', 'andres.suarez17@telefonica.net', '951718702', '1976-10-12'),
(31, '10000031E', 'Claudia', 'Ruiz Rodríguez', 'Calle del Prado 34, Córdoba', 'claudia.ruiz80@outlook.com', '915865780', '1995-05-24'),
(32, '10000032T', 'Antonio', 'Ramos Moreno', 'Calle Real 96, Valencia', 'antonio.ramos56@gmail.com', '917240050', '1966-04-27'),
(33, '10000033R', 'Teresa', 'Romero Ríos', 'Avenida de la Constitución 32, Oviedo', 'teresa.romero53@telefonica.net', '922219693', '1984-08-24'),
(34, '10000034W', 'Pablo', 'Ruiz Vázquez', 'Calle del Prado 82, Bilbao', 'pablo.ruiz59@yahoo.es', '907482175', '1992-09-17'),
(35, '10000035A', 'Lucía', 'Ríos Gil', 'Calle del Prado 39, Murcia', 'lucia.rios50@outlook.com', '636959440', '1999-01-19'),
(36, '10000036G', 'Fernando', 'Serrano García', 'Avenida de Andalucía 88, Barcelona', 'fernando.serrano78@outlook.com', '739533942', '1996-05-12'),
(37, '10000037M', 'Carmen', 'Martínez Molina', 'Calle del Prado 5, Cartagena', 'carmen.martinez47@hotmail.com', '645623285', '1987-08-16'),
(38, '10000038Y', 'Roberto', 'Serrano Hernández', 'Paseo de la Castellana 62, Alicante', 'roberto.serrano96@yahoo.es', '671236851', '2010-12-08'),
(39, '10000039F', 'Cristina', 'García Gil', 'Calle San Juan 16, Granada', 'cristina.garcia48@yahoo.es', '965137098', '1969-06-05'),
(40, '10000040P', 'Diego', 'Vázquez Rodríguez', 'Calle del Prado 90, Alicante', 'diego.vazquez84@outlook.com', '620047113', '1988-03-23'),
(41, '10000041D', 'Isabel', 'Suárez Flores', 'Calle Nueva 86, Badalona', 'isabel.suarez54@telefonica.net', '926179640', '2001-12-05'),
(42, '10000042X', 'Sergio', 'Domínguez Vega', 'Calle del Prado 31, Valladolid', 'sergio.dominguez13@yahoo.es', '950643171', '1999-06-17'),
(43, '10000043B', 'Elena', 'López Sánchez', 'Calle Nueva 32, Zaragoza', 'elena.lopez73@hotmail.com', '683933529', '1940-04-02'),
(44, '10000044N', 'Miguel', 'Ruiz Jiménez', 'Calle San Juan 33, Málaga', 'miguel.ruiz15@gmail.com', '605395024', '1944-09-13'),
(45, '10000045J', 'Isabel', 'Iglesias Mora', 'Calle del Sol 96, Valencia', 'isabel.iglesias61@outlook.com', '789178390', '2005-03-30'),
(46, '10000046Z', 'Raúl', 'Mora Molina', 'Calle del Prado 83, Madrid', 'raul.mora8@outlook.com', '761771159', '1953-04-22'),
(47, '10000047S', 'Laura', 'Jiménez Serrano', 'Avenida de Andalucía 82, Cartagena', 'laura.jimenez71@yahoo.es', '798478961', '2002-12-16'),
(48, '10000048Q', 'José', 'Pardo Domínguez', 'Avenida de España 58, Palma', 'jose.pardo53@yahoo.es', '766156545', '1953-09-10'),
(49, '10000049V', 'Verónica', 'Delgado Rodríguez', 'Calle del Sol 11, Valencia', 'veronica.delgado56@gmail.com', '952809885', '2000-02-09'),
(50, '10000050H', 'José', 'Iglesias Ortiz', 'Avenida de España 93, Barcelona', 'jose.iglesias37@telefonica.net', '751983273', '1949-09-16'),
(51, '10000051L', 'Teresa', 'Pardo Romero', 'Calle del Sol 98, Bilbao', 'teresa.pardo74@hotmail.com', '789980940', '1956-03-08'),
(52, '10000052C', 'Miguel', 'Molina Castro', 'Calle Nueva 1, Málaga', 'miguel.molina19@telefonica.net', '961201836', '1977-08-31'),
(53, '10000053K', 'Silvia', 'Castro Hernández', 'Calle Nueva 40, Córdoba', 'silvia.castro73@telefonica.net', '602290147', '1999-05-21'),
(54, '10000054E', 'Javier', 'Leal Vega', 'Avenida de España 35, Murcia', 'javier.leal97@telefonica.net', '656149784', '1944-01-28'),
(55, '10000055T', 'Sara', 'Navarro Sánchez', 'Calle Mayor 27, Alicante', 'sara.navarro28@hotmail.com', '745107622', '1974-02-09'),
(56, '10000056R', 'Eduardo', 'Vázquez Nieto', 'Calle San Juan 86, Valladolid', 'eduardo.vazquez10@outlook.com', '906071596', '1991-06-11'),
(57, '10000057W', 'Cristina', 'Iglesias Moreno', 'Calle del Sol 52, Madrid', 'cristina.iglesias42@hotmail.com', '975161369', '1975-12-04'),
(58, '10000058A', 'Roberto', 'Fernández Navarro', 'Paseo de la Castellana 96, Córdoba', 'roberto.fernandez29@yahoo.es', '618188355', '2005-04-03'),
(59, '10000059G', 'Claudia', 'Ruiz Ramos', 'Calle del Sol 19, Bilbao', 'claudia.ruiz26@hotmail.com', '921277997', '2001-02-08'),
(60, '10000060M', 'Pablo', 'Blanco Blanco', 'Avenida de la Constitución 57, Valencia', 'pablo.blanco61@outlook.com', '944905814', '1981-06-04'),
(61, '10000061Y', 'Silvia', 'Martínez Sánchez', 'Calle Nueva 37, Valencia', 'silvia.martinez83@gmail.com', '998679807', '1991-04-15'),
(62, '10000062F', 'Alejandro', 'Torres Blanco', 'Avenida de Andalucía 61, Oviedo', 'alejandro.torres20@gmail.com', '715182037', '1979-06-03'),
(63, '10000063P', 'Pilar', 'Mora Hernández', 'Calle Nueva 48, Alicante', 'pilar.mora50@outlook.com', '790515186', '1965-06-28'),
(64, '10000064D', 'Miguel', 'Ruiz Castro', 'Calle del Sol 75, Zaragoza', 'miguel.ruiz45@yahoo.es', '962914865', '1951-06-19'),
(65, '10000065X', 'Verónica', 'Mora Fernández', 'Avenida de España 66, Valladolid', 'veronica.mora3@yahoo.es', '723573322', '1946-12-03'),
(66, '10000066B', 'Francisco', 'González Nieto', 'Calle San Juan 95, Oviedo', 'francisco.gonzalez5@yahoo.es', '929622292', '2004-09-12'),
(67, '10000067N', 'Silvia', 'Martínez Iglesias', 'Calle Nueva 87, Palma', 'silvia.martinez57@telefonica.net', '773834735', '2000-11-07'),
(68, '10000068J', 'Pablo', 'Vega Flores', 'Paseo de la Castellana 100, Vigo', 'pablo.vega65@telefonica.net', '723924075', '1989-10-01'),
(69, '10000069Z', 'Carmen', 'Mora Pérez', 'Paseo de la Castellana 11, Málaga', 'carmen.mora35@outlook.com', '926137506', '1944-10-11'),
(70, '10000070S', 'Fernando', 'Nieto Romero', 'Calle Real 50, Valencia', 'fernando.nieto48@hotmail.com', '651522047', '2002-06-12'),
(71, '10000071Q', 'Isabel', 'Delgado Vega', 'Avenida de Andalucía 1, Valencia', 'isabel.delgado3@yahoo.es', '628986143', '1967-01-07'),
(72, '10000072V', 'José', 'Sánchez Ramos', 'Avenida de España 82, Sabadell', 'jose.sanchez59@gmail.com', '679808932', '1966-02-17'),
(73, '10000073H', 'Natalia', 'García Ortiz', 'Calle Real 74, Gijón', 'natalia.garcia24@gmail.com', '951888880', '1975-01-11'),
(74, '10000074L', 'Andrés', 'Martínez Suárez', 'Calle Nueva 33, Madrid', 'andres.martinez46@gmail.com', '731952058', '1970-05-16'),
(75, '10000075C', 'Claudia', 'Díaz Flores', 'Calle del Prado 81, Málaga', 'claudia.diaz18@gmail.com', '970430305', '1967-10-26'),
(76, '10000076K', 'Roberto', 'Navarro Bravo', 'Calle del Prado 33, Barcelona', 'roberto.navarro97@hotmail.com', '750541566', '2006-09-07'),
(77, '10000077E', 'Silvia', 'Suárez Castro', 'Avenida de la Constitución 64, Elche', 'silvia.suarez48@telefonica.net', '716169284', '1968-10-25'),
(78, '10000078T', 'José', 'Fernández Blanco', 'Paseo de la Castellana 40, Granada', 'jose.fernandez78@outlook.com', '675705964', '1997-05-15'),
(79, '10000079R', 'Ana', 'Rodríguez Navarro', 'Calle Nueva 66, Málaga', 'ana.rodriguez4@hotmail.com', '970213556', '1990-11-21'),
(80, '10000080W', 'Pedro', 'Ruiz Vega', 'Calle Nueva 48, Granada', 'pedro.ruiz98@gmail.com', '928565431', '1942-04-29'),
(81, '10000081A', 'Mónica', 'Díaz Leal', 'Calle San Juan 50, Badalona', 'monica.diaz16@yahoo.es', '773947312', '1946-08-23'),
(82, '10000082G', 'Rafael', 'Díaz Vega', 'Calle del Sol 88, Córdoba', 'rafael.diaz86@yahoo.es', '918844225', '1985-08-22'),
(83, '10000083M', 'Sara', 'Pérez Torres', 'Avenida de la Constitución 31, Elche', 'sara.perez4@yahoo.es', '995782911', '1967-09-30'),
(84, '10000084Y', 'Fernando', 'Delgado Mora', 'Avenida de España 99, Gijón', 'fernando.delgado74@gmail.com', '651778528', '1997-05-25'),
(85, '10000085F', 'Paloma', 'Díaz Jiménez', 'Avenida de España 65, Barcelona', 'paloma.diaz16@telefonica.net', '642253584', '1947-01-28'),
(86, '10000086P', 'Miguel', 'Torres Pardo', 'Paseo de la Castellana 17, Alicante', 'miguel.torres79@telefonica.net', '682992299', '1970-04-16'),
(87, '10000087D', 'Paloma', 'Martínez López', 'Calle del Sol 6, Cartagena', 'paloma.martinez34@hotmail.com', '969078447', '1961-12-20'),
(88, '10000088X', 'Raúl', 'Navarro Molina', 'Calle del Prado 10, Barcelona', 'raul.navarro21@outlook.com', '777359255', '2005-11-13'),
(89, '10000089B', 'Teresa', 'Navarro Jiménez', 'Calle Nueva 66, Badalona', 'teresa.navarro14@yahoo.es', '671473210', '1966-01-13'),
(90, '10000090N', 'Fernando', 'Iglesias Ramos', 'Avenida de la Constitución 42, Cartagena', 'fernando.iglesias93@yahoo.es', '627877470', '1948-01-29'),
(91, '10000091J', 'Cristina', 'Nieto Flores', 'Calle Real 28, Cartagena', 'cristina.nieto46@gmail.com', '647974801', '1978-08-29'),
(92, '10000092Z', 'Manuel', 'Gil Romero', 'Avenida de España 47, Barcelona', 'manuel.gil52@gmail.com', '983584168', '1980-05-27'),
(93, '10000093S', 'Julia', 'Pardo Serrano', 'Avenida de Andalucía 88, Sabadell', 'julia.pardo16@hotmail.com', '665585239', '1985-09-03'),
(94, '10000094Q', 'Fernando', 'Nieto Martínez', 'Calle Mayor 5, Zaragoza', 'fernando.nieto92@yahoo.es', '787298259', '1968-07-29'),
(95, '10000095V', 'Patricia', 'Navarro Molina', 'Avenida de Andalucía 44, Oviedo', 'patricia.navarro66@telefonica.net', '794705516', '1992-05-13'),
(96, '10000096H', 'Francisco', 'López Delgado', 'Paseo de la Castellana 84, Cartagena', 'francisco.lopez74@hotmail.com', '909728962', '2001-01-26'),
(97, '10000097L', 'Sara', 'Martínez Pérez', 'Calle Real 3, Granada', 'sara.martinez41@outlook.com', '663689702', '1986-07-14'),
(98, '10000098C', 'David', 'Pardo Blanco', 'Calle del Prado 68, Vigo', 'david.pardo41@hotmail.com', '785854973', '1962-02-11'),
(99, '10000099K', 'Marta', 'Pardo Molina', 'Calle Real 39, Alicante', 'marta.pardo91@hotmail.com', '975758441', '1991-06-13'),
(100, '10000100E', 'Raúl', 'Bravo Suárez', 'Avenida de España 45, Zaragoza', 'raul.bravo38@gmail.com', '715747338', '1964-04-28'),
(101, '10000101T', 'Nuria', 'Serrano Jiménez', 'Calle del Sol 79, Cartagena', 'nuria.serrano31@hotmail.com', '683301657', '1949-01-07'),
(102, '10000102R', 'Raúl', 'Jiménez García', 'Calle San Juan 21, Gijón', 'raul.jimenez84@outlook.com', '734540193', '1988-01-04'),
(103, '10000103W', 'Mónica', 'Martínez Díaz', 'Avenida de España 23, Barcelona', 'monica.martinez51@outlook.com', '640049915', '1965-07-12'),
(104, '10000104A', 'Rafael', 'Bravo Mora', 'Calle del Prado 18, Oviedo', 'rafael.bravo60@yahoo.es', '615274205', '2010-12-10'),
(105, '10000105G', 'Lucía', 'Torres Díaz', 'Avenida de Andalucía 82, Vigo', 'lucia.torres55@telefonica.net', '716122753', '1940-08-11'),
(106, '10000106M', 'Miguel', 'Suárez Ramos', 'Calle del Prado 97, Bilbao', 'miguel.suarez43@yahoo.es', '990453017', '1967-07-11'),
(107, '10000107Y', 'Patricia', 'Navarro Nieto', 'Paseo de la Castellana 89, Sevilla', 'patricia.navarro82@yahoo.es', '793327279', '1973-07-08'),
(108, '10000108F', 'Javier', 'Pardo Delgado', 'Calle San Juan 86, Murcia', 'javier.pardo98@hotmail.com', '991878519', '1950-01-24'),
(109, '10000109P', 'Ana', 'Pardo Nieto', 'Calle Real 74, Badalona', 'ana.pardo20@hotmail.com', '787139718', '1979-12-19'),
(110, '10000110D', 'Pedro', 'Flores Jiménez', 'Calle San Juan 54, Granada', 'pedro.flores73@gmail.com', '974064039', '1946-07-21'),
(111, '10000111X', 'Ana', 'Ríos Ortiz', 'Calle del Sol 70, Barcelona', 'ana.rios9@outlook.com', '646226567', '1973-11-12'),
(112, '10000112B', 'Fernando', 'Fernández Bravo', 'Avenida de la Constitución 84, Valladolid', 'fernando.fernandez16@hotmail.com', '968230047', '2000-06-03'),
(113, '10000113N', 'Mónica', 'Bravo Ríos', 'Calle San Juan 49, Palma', 'monica.bravo32@outlook.com', '724310690', '1961-08-04'),
(114, '10000114J', 'David', 'Rodríguez González', 'Avenida de Andalucía 5, Granada', 'david.rodriguez77@gmail.com', '606738302', '1985-03-16'),
(115, '10000115Z', 'Lucía', 'Vázquez Blanco', 'Avenida de Andalucía 77, Córdoba', 'lucia.vazquez31@yahoo.es', '683644089', '2005-12-16'),
(116, '10000116S', 'Luis', 'Ríos Pardo', 'Calle del Prado 7, Valladolid', 'luis.rios83@outlook.com', '956624628', '1982-06-25'),
(117, '10000117Q', 'Sara', 'Vázquez Molina', 'Avenida de la Constitución 60, Barcelona', 'sara.vazquez72@outlook.com', '788263435', '1998-01-07'),
(118, '10000118V', 'Antonio', 'Vega Romero', 'Calle del Sol 69, Murcia', 'antonio.vega7@yahoo.es', '799013983', '1983-01-03'),
(119, '10000119H', 'Elena', 'Castro Molina', 'Calle Mayor 28, Murcia', 'elena.castro95@gmail.com', '973936385', '2009-07-29'),
(120, '10000120L', 'Francisco', 'Suárez Flores', 'Calle San Juan 84, Valladolid', 'francisco.suarez40@yahoo.es', '787717535', '1968-01-27'),
(121, '10000121C', 'Natalia', 'Martínez Vázquez', 'Avenida de la Constitución 3, Bilbao', 'natalia.martinez71@telefonica.net', '964235369', '1962-01-17'),
(122, '10000122K', 'Andrés', 'Pardo Castro', 'Paseo de la Castellana 98, Elche', 'andres.pardo93@outlook.com', '725228728', '1997-07-30'),
(123, '10000123E', 'Ana', 'Mora Martínez', 'Calle del Sol 86, Barcelona', 'ana.mora98@gmail.com', '723120387', '1973-06-25'),
(124, '10000124T', 'Pedro', 'Delgado Leal', 'Calle Mayor 1, Badalona', 'pedro.delgado71@outlook.com', '608484086', '1956-01-31'),
(125, '10000125R', 'Carmen', 'González Mora', 'Avenida de la Constitución 31, Murcia', 'carmen.gonzalez80@telefonica.net', '754615679', '1961-10-26'),
(126, '10000126W', 'Iván', 'Vázquez Molina', 'Calle del Sol 84, Barcelona', 'ivan.vazquez12@outlook.com', '768700217', '1978-12-05'),
(127, '10000127A', 'Claudia', 'Castro González', 'Calle San Juan 6, Palma', 'claudia.castro28@telefonica.net', '740148902', '1968-03-19'),
(128, '10000128G', 'Carlos', 'Domínguez Ruiz', 'Avenida de España 10, Alicante', 'carlos.dominguez21@telefonica.net', '696856218', '2006-11-17'),
(129, '10000129M', 'Teresa', 'Sánchez González', 'Avenida de España 30, Valencia', 'teresa.sanchez44@telefonica.net', '996504773', '1971-12-03'),
(130, '10000130Y', 'Eduardo', 'Suárez Ríos', 'Avenida de la Constitución 88, Cartagena', 'eduardo.suarez85@outlook.com', '694311426', '2003-11-06'),
(131, '10000131F', 'Claudia', 'Ruiz Suárez', 'Calle Nueva 47, Sevilla', 'claudia.ruiz12@gmail.com', '775412126', '1980-04-07'),
(132, '10000132P', 'Eduardo', 'Pardo Nieto', 'Avenida de España 14, Madrid', 'eduardo.pardo12@yahoo.es', '919956046', '1974-10-16'),
(133, '10000133D', 'Julia', 'Fernández Pardo', 'Calle Real 74, Oviedo', 'julia.fernandez22@outlook.com', '624447212', '1978-12-30'),
(134, '10000134X', 'Miguel', 'Iglesias Molina', 'Calle del Prado 10, Valladolid', 'miguel.iglesias33@hotmail.com', '979937124', '1940-08-09'),
(135, '10000135B', 'Cristina', 'Castro Suárez', 'Calle Nueva 57, Córdoba', 'cristina.castro56@telefonica.net', '645937526', '1968-08-18'),
(136, '10000136N', 'Francisco', 'Leal Ramos', 'Calle Nueva 49, Bilbao', 'francisco.leal51@yahoo.es', '693982807', '2003-07-20'),
(137, '10000137J', 'Elena', 'Vega Moreno', 'Calle del Sol 53, Elche', 'elena.vega18@yahoo.es', '642661797', '1992-03-26'),
(138, '10000138Z', 'Fernando', 'Bravo Nieto', 'Avenida de España 70, Barcelona', 'fernando.bravo47@telefonica.net', '911352909', '1997-11-13'),
(139, '10000139S', 'Verónica', 'Navarro Castro', 'Avenida de España 14, Madrid', 'veronica.navarro13@yahoo.es', '688899375', '1975-02-02'),
(140, '10000140Q', 'Rafael', 'Nieto Ruiz', 'Calle Nueva 4, Elche', 'rafael.nieto14@yahoo.es', '711254573', '1986-10-01'),
(141, '10000141V', 'Beatriz', 'Ortiz Delgado', 'Calle del Sol 57, Granada', 'beatriz.ortiz41@gmail.com', '701051238', '1955-08-26'),
(142, '10000142H', 'Eduardo', 'Hernández Castro', 'Calle San Juan 55, Granada', 'eduardo.hernandez30@outlook.com', '922660937', '1993-02-16'),
(143, '10000143L', 'Natalia', 'Suárez García', 'Calle Real 27, Bilbao', 'natalia.suarez97@gmail.com', '918255371', '1963-07-15'),
(144, '10000144C', 'Raúl', 'Leal Mora', 'Calle Nueva 77, Vigo', 'raul.leal79@outlook.com', '915579249', '1992-12-11'),
(145, '10000145K', 'Laura', 'Jiménez Blanco', 'Calle del Sol 31, Alicante', 'laura.jimenez15@hotmail.com', '728669296', '1977-12-14'),
(146, '10000146E', 'Luis', 'Leal Bravo', 'Avenida de la Constitución 72, Málaga', 'luis.leal63@yahoo.es', '625790507', '1952-03-31'),
(147, '10000147T', 'Elena', 'Suárez Pardo', 'Calle San Juan 84, Elche', 'elena.suarez53@outlook.com', '777219034', '1942-12-07'),
(148, '10000148R', 'Miguel', 'Vázquez Bravo', 'Paseo de la Castellana 22, Granada', 'miguel.vazquez73@outlook.com', '981914858', '2007-11-23'),
(149, '10000149W', 'Ana', 'Vega Bravo', 'Calle Real 55, Sevilla', 'ana.vega95@hotmail.com', '707451713', '1958-10-30'),
(150, '10000150A', 'Rubén', 'Ortiz Ríos', 'Avenida de la Constitución 79, Zaragoza', 'ruben.ortiz27@hotmail.com', '695849825', '2003-03-01'),
(151, '10000151G', 'Lucía', 'Moreno Serrano', 'Calle San Juan 87, Sevilla', 'lucia.moreno18@outlook.com', '642232536', '1983-11-29'),
(152, '10000152M', 'Manuel', 'Serrano Iglesias', 'Avenida de España 58, Valencia', 'manuel.serrano82@gmail.com', '784577590', '2009-06-13'),
(153, '10000153Y', 'Mónica', 'Fernández Flores', 'Calle Nueva 9, Badalona', 'monica.fernandez51@hotmail.com', '737454589', '1951-09-19'),
(154, '10000154F', 'Pablo', 'Leal Castro', 'Calle Mayor 6, Sevilla', 'pablo.leal81@outlook.com', '612770632', '1998-04-25'),
(155, '10000155P', 'Lucía', 'Hernández Serrano', 'Calle del Sol 84, Valladolid', 'lucia.hernandez33@gmail.com', '720643611', '1940-02-05'),
(156, '10000156D', 'David', 'Delgado Rodríguez', 'Avenida de la Constitución 76, Palma', 'david.delgado67@outlook.com', '605162713', '1974-05-14'),
(157, '10000157X', 'Laura', 'González González', 'Calle Nueva 48, Alicante', 'laura.gonzalez18@outlook.com', '621890927', '1971-07-04'),
(158, '10000158B', 'Rubén', 'Domínguez Ruiz', 'Avenida de España 79, Granada', 'ruben.dominguez28@gmail.com', '621965652', '1962-03-25'),
(159, '10000159N', 'Marta', 'Fernández Ramos', 'Calle San Juan 77, Sabadell', 'marta.fernandez93@telefonica.net', '704389836', '1966-07-07'),
(160, '10000160J', 'Alejandro', 'Sánchez Ramos', 'Calle del Prado 50, Sevilla', 'alejandro.sanchez31@outlook.com', '991805526', '1990-12-28'),
(161, '10000161Z', 'Natalia', 'Romero Bravo', 'Avenida de la Constitución 98, Elche', 'natalia.romero99@gmail.com', '691043006', '1985-06-13'),
(162, '10000162S', 'Francisco', 'Nieto Iglesias', 'Avenida de España 90, Vigo', 'francisco.nieto11@telefonica.net', '992414183', '1953-12-09'),
(163, '10000163Q', 'Nuria', 'Blanco Navarro', 'Avenida de Andalucía 82, Valencia', 'nuria.blanco40@outlook.com', '930316179', '1994-08-15'),
(164, '10000164V', 'Pedro', 'Molina Díaz', 'Calle del Sol 2, Zaragoza', 'pedro.molina90@gmail.com', '675884252', '2007-04-07'),
(165, '10000165H', 'Julia', 'Serrano Pérez', 'Calle Mayor 43, Gijón', 'julia.serrano35@telefonica.net', '649177850', '1984-10-27'),
(166, '10000166L', 'Pablo', 'Hernández Romero', 'Avenida de la Constitución 33, Sevilla', 'pablo.hernandez74@gmail.com', '680003075', '1974-05-11'),
(167, '10000167C', 'Isabel', 'Díaz Martínez', 'Calle San Juan 92, Gijón', 'isabel.diaz29@yahoo.es', '665419518', '2000-05-28'),
(168, '10000168K', 'Pedro', 'Díaz Vázquez', 'Calle San Juan 6, Vigo', 'pedro.diaz9@outlook.com', '745187053', '1966-02-27'),
(169, '10000169E', 'Paloma', 'Molina Ramos', 'Calle del Prado 48, Cartagena', 'paloma.molina64@hotmail.com', '983206038', '1971-01-29'),
(170, '10000170T', 'Alejandro', 'García Castro', 'Calle Mayor 98, Vigo', 'alejandro.garcia95@yahoo.es', '638367024', '1948-05-06'),
(171, '10000171R', 'Ana', 'Vázquez Mora', 'Avenida de España 90, Valladolid', 'ana.vazquez59@gmail.com', '918261990', '1979-01-09'),
(172, '10000172W', 'Raúl', 'Jiménez Ramos', 'Paseo de la Castellana 34, Córdoba', 'raul.jimenez51@yahoo.es', '774313291', '1953-12-10'),
(173, '10000173A', 'Carmen', 'Hernández Vega', 'Calle del Prado 41, Gijón', 'carmen.hernandez16@telefonica.net', '737474112', '2001-07-19'),
(174, '10000174G', 'Francisco', 'Martínez Domínguez', 'Calle Nueva 19, Valencia', 'francisco.martinez92@hotmail.com', '768044206', '1980-07-26'),
(175, '10000175M', 'Nuria', 'Pardo Ramos', 'Calle del Sol 60, Sevilla', 'nuria.pardo18@gmail.com', '603236519', '1992-07-31'),
(176, '10000176Y', 'Miguel', 'Rodríguez López', 'Calle del Sol 26, Granada', 'miguel.rodriguez17@gmail.com', '710702966', '1984-07-05'),
(177, '10000177F', 'María', 'Suárez Ríos', 'Avenida de la Constitución 46, Murcia', 'maria.suarez24@yahoo.es', '772099934', '1984-10-03'),
(178, '10000178P', 'Javier', 'Pardo Delgado', 'Calle Mayor 12, Bilbao', 'javier.pardo50@hotmail.com', '738380657', '1988-11-06'),
(179, '10000179D', 'Beatriz', 'Ortiz Nieto', 'Calle Nueva 50, Bilbao', 'beatriz.ortiz24@gmail.com', '793040785', '2008-10-17'),
(180, '10000180X', 'Pablo', 'Vázquez Hernández', 'Calle del Sol 32, Palma', 'pablo.vazquez35@telefonica.net', '903965223', '1993-02-26'),
(181, '10000181B', 'Rosa', 'Ortiz López', 'Calle Nueva 73, Cartagena', 'rosa.ortiz19@telefonica.net', '678427010', '1960-11-13'),
(182, '10000182N', 'Diego', 'Vázquez López', 'Calle San Juan 62, Madrid', 'diego.vazquez43@telefonica.net', '625250029', '2003-03-22'),
(183, '10000183J', 'Isabel', 'Pérez Mora', 'Calle Nueva 10, Valladolid', 'isabel.perez91@outlook.com', '915452267', '1998-03-29'),
(184, '10000184Z', 'Álvaro', 'Díaz Pardo', 'Avenida de Andalucía 46, Palma', 'alvaro.diaz86@telefonica.net', '664422096', '2009-02-25'),
(185, '10000185S', 'Paloma', 'Martínez Díaz', 'Avenida de Andalucía 41, Sabadell', 'paloma.martinez29@telefonica.net', '672513552', '1997-01-27'),
(186, '10000186Q', 'Antonio', 'Castro Vega', 'Calle Mayor 34, Murcia', 'antonio.castro32@gmail.com', '741006762', '1977-02-21'),
(187, '10000187V', 'Beatriz', 'Suárez Ortiz', 'Calle San Juan 49, Sevilla', 'beatriz.suarez62@telefonica.net', '932710405', '1963-06-05'),
(188, '10000188H', 'José', 'Rodríguez Castro', 'Avenida de la Constitución 49, Málaga', 'jose.rodriguez94@gmail.com', '915997062', '1994-06-26'),
(189, '10000189L', 'Natalia', 'Hernández Sánchez', 'Calle del Sol 43, Murcia', 'natalia.hernandez25@outlook.com', '988444310', '1975-04-01'),
(190, '10000190C', 'Pablo', 'Pardo Leal', 'Avenida de la Constitución 7, Valladolid', 'pablo.pardo1@outlook.com', '649731032', '1997-04-03'),
(191, '10000191K', 'Lucía', 'Fernández Delgado', 'Calle del Sol 40, Vigo', 'lucia.fernandez61@outlook.com', '941862565', '1956-09-26'),
(192, '10000192E', 'Rafael', 'Martínez Gil', 'Calle del Prado 60, Bilbao', 'rafael.martinez29@yahoo.es', '902115869', '1960-05-30'),
(193, '10000193T', 'Nuria', 'Sánchez Suárez', 'Calle San Juan 54, Badalona', 'nuria.sanchez88@outlook.com', '937416089', '1986-05-14'),
(194, '10000194R', 'Pablo', 'Ruiz Pérez', 'Calle del Prado 23, Málaga', 'pablo.ruiz28@hotmail.com', '606163294', '1968-09-07'),
(195, '10000195W', 'Mónica', 'Rodríguez Fernández', 'Avenida de España 72, Vigo', 'monica.rodriguez71@yahoo.es', '787099861', '1977-03-07'),
(196, '10000196A', 'Manuel', 'Ruiz González', 'Calle del Sol 73, Sevilla', 'manuel.ruiz37@telefonica.net', '764679970', '1955-06-13'),
(197, '10000197G', 'Marta', 'Navarro Ruiz', 'Avenida de Andalucía 78, Vigo', 'marta.navarro5@outlook.com', '730745054', '1967-11-24'),
(198, '10000198M', 'Miguel', 'Leal González', 'Calle Real 18, Alicante', 'miguel.leal96@outlook.com', '746913736', '2006-06-22'),
(199, '10000199Y', 'Beatriz', 'Mora Romero', 'Calle Mayor 66, Málaga', 'beatriz.mora9@yahoo.es', '986289023', '1958-01-03'),
(200, '10000200F', 'Pedro', 'Ramos Martínez', 'Calle del Prado 7, Valladolid', 'pedro.ramos91@hotmail.com', '757861035', '1983-11-07'),
(201, '10000201P', 'Andrea', 'Vega Díaz', 'Calle del Prado 76, Badalona', 'andrea.vega45@yahoo.es', '641406029', '2009-12-17'),
(202, '10000202D', 'David', 'Vázquez Vázquez', 'Calle Real 35, Gijón', 'david.vazquez66@gmail.com', '907229034', '1994-07-30'),
(203, '10000203X', 'Lucía', 'Serrano Ríos', 'Avenida de España 45, Granada', 'lucia.serrano33@hotmail.com', '748969108', '1999-06-04'),
(204, '10000204B', 'Sergio', 'Pardo Moreno', 'Paseo de la Castellana 88, Sevilla', 'sergio.pardo62@gmail.com', '745444328', '2008-09-03'),
(205, '10000205N', 'Sara', 'Sánchez Navarro', 'Calle Nueva 88, Zaragoza', 'sara.sanchez93@gmail.com', '974466609', '2003-07-11'),
(206, '10000206J', 'Pablo', 'Torres Castro', 'Calle Real 88, Badalona', 'pablo.torres82@outlook.com', '958428241', '1982-03-27'),
(207, '10000207Z', 'Isabel', 'Gil Pardo', 'Avenida de la Constitución 88, Córdoba', 'isabel.gil84@gmail.com', '653465549', '1966-05-19'),
(208, '10000208S', 'Rafael', 'Pérez Delgado', 'Calle Mayor 82, Cartagena', 'rafael.perez75@telefonica.net', '673816846', '1944-11-06'),
(209, '10000209Q', 'Isabel', 'Jiménez Torres', 'Calle Nueva 53, Cartagena', 'isabel.jimenez59@hotmail.com', '721752500', '1980-07-21'),
(210, '10000210V', 'Miguel', 'Domínguez Hernández', 'Avenida de Andalucía 98, Málaga', 'miguel.dominguez63@gmail.com', '696666760', '1943-05-21'),
(211, '10000211H', 'Nuria', 'Torres Romero', 'Calle Mayor 42, Oviedo', 'nuria.torres25@gmail.com', '903354216', '1985-02-26'),
(212, '10000212L', 'Pablo', 'Molina Hernández', 'Calle del Sol 6, Alicante', 'pablo.molina38@outlook.com', '989856257', '1972-03-24'),
(213, '10000213C', 'Julia', 'Torres Hernández', 'Avenida de España 3, Palma', 'julia.torres29@hotmail.com', '609821506', '1997-06-12'),
(214, '10000214K', 'Miguel', 'Bravo Sánchez', 'Avenida de Andalucía 7, Sevilla', 'miguel.bravo84@gmail.com', '616761847', '2002-12-19'),
(215, '10000215E', 'Isabel', 'Domínguez García', 'Paseo de la Castellana 54, Sevilla', 'isabel.dominguez85@telefonica.net', '799261891', '1965-05-12'),
(216, '10000216T', 'José', 'González Leal', 'Calle Real 78, Murcia', 'jose.gonzalez34@telefonica.net', '656420873', '2001-09-28'),
(217, '10000217R', 'Beatriz', 'Castro Ramos', 'Calle Mayor 2, Valencia', 'beatriz.castro15@telefonica.net', '972181143', '1980-12-22'),
(218, '10000218W', 'Francisco', 'Gil Flores', 'Calle Mayor 13, Málaga', 'francisco.gil6@yahoo.es', '756110022', '1969-06-26'),
(219, '10000219A', 'Teresa', 'Vega Serrano', 'Calle del Sol 48, Córdoba', 'teresa.vega24@gmail.com', '767467621', '1951-11-21'),
(220, '10000220G', 'Iván', 'Sánchez Hernández', 'Calle del Sol 54, Cartagena', 'ivan.sanchez62@telefonica.net', '972965902', '1983-05-04'),
(221, '10000221M', 'Beatriz', 'Pérez Iglesias', 'Calle del Prado 6, Valencia', 'beatriz.perez34@yahoo.es', '689935889', '1948-07-17'),
(222, '10000222Y', 'Javier', 'Ramos Delgado', 'Calle Nueva 85, Vigo', 'javier.ramos20@telefonica.net', '900287721', '2007-05-31'),
(223, '10000223F', 'Beatriz', 'Blanco Ramos', 'Calle Nueva 36, Barcelona', 'beatriz.blanco65@hotmail.com', '966317797', '1947-11-24'),
(224, '10000224P', 'Andrés', 'Vega Blanco', 'Calle del Sol 64, Madrid', 'andres.vega14@outlook.com', '708801994', '1985-08-09'),
(225, '10000225D', 'Nuria', 'Domínguez Flores', 'Calle Nueva 47, Barcelona', 'nuria.dominguez29@outlook.com', '789975711', '2008-02-14'),
(226, '10000226X', 'Raúl', 'Vázquez García', 'Calle Nueva 46, Alicante', 'raul.vazquez71@telefonica.net', '710272614', '1994-10-20'),
(227, '10000227B', 'Elena', 'Torres Pérez', 'Avenida de España 28, Granada', 'elena.torres25@yahoo.es', '660917798', '1952-01-29'),
(228, '10000228N', 'Andrés', 'García Mora', 'Calle Mayor 71, Gijón', 'andres.garcia75@outlook.com', '929221699', '1968-11-15'),
(229, '10000229J', 'Pilar', 'Suárez Iglesias', 'Avenida de Andalucía 89, Palma', 'pilar.suarez36@outlook.com', '747226984', '2002-12-07'),
(230, '10000230Z', 'Eduardo', 'Blanco Pardo', 'Calle Real 26, Murcia', 'eduardo.blanco80@yahoo.es', '952288515', '1990-06-11'),
(231, '10000231S', 'Beatriz', 'Iglesias Bravo', 'Paseo de la Castellana 55, Madrid', 'beatriz.iglesias67@gmail.com', '662003424', '2001-04-23'),
(232, '10000232Q', 'Miguel', 'Ruiz Sánchez', 'Paseo de la Castellana 27, Badalona', 'miguel.ruiz5@yahoo.es', '719838638', '2010-05-13'),
(233, '10000233V', 'Yolanda', 'Moreno Sánchez', 'Avenida de España 50, Gijón', 'yolanda.moreno88@yahoo.es', '900439735', '2007-09-29'),
(234, '10000234H', 'Pablo', 'Bravo Torres', 'Calle Real 38, Granada', 'pablo.bravo23@gmail.com', '628160648', '1963-09-15'),
(235, '10000235L', 'Isabel', 'Hernández Gil', 'Calle Mayor 43, Granada', 'isabel.hernandez91@hotmail.com', '625909479', '1989-05-10'),
(236, '10000236C', 'Sergio', 'Rodríguez Blanco', 'Calle San Juan 29, Málaga', 'sergio.rodriguez67@gmail.com', '926886153', '1959-02-21'),
(237, '10000237K', 'Verónica', 'Castro Castro', 'Calle Nueva 38, Murcia', 'veronica.castro97@telefonica.net', '978015739', '1995-09-22'),
(238, '10000238E', 'Jorge', 'Martínez Blanco', 'Avenida de España 15, Vigo', 'jorge.martinez33@telefonica.net', '940858877', '1943-12-07'),
(239, '10000239T', 'Lucía', 'Torres Blanco', 'Calle San Juan 11, Sevilla', 'lucia.torres22@telefonica.net', '901336138', '2003-01-17'),
(240, '10000240R', 'Rubén', 'Ríos Rodríguez', 'Avenida de la Constitución 4, Granada', 'ruben.rios92@yahoo.es', '611024819', '1960-06-03'),
(241, '10000241W', 'Marta', 'Iglesias Suárez', 'Calle del Prado 81, Vigo', 'marta.iglesias56@yahoo.es', '661809190', '2002-11-17'),
(242, '10000242A', 'Antonio', 'Ortiz Nieto', 'Calle del Sol 38, Alicante', 'antonio.ortiz78@gmail.com', '776607283', '1952-03-26'),
(243, '10000243G', 'Mónica', 'Navarro Bravo', 'Paseo de la Castellana 82, Zaragoza', 'monica.navarro39@yahoo.es', '688210099', '1975-05-10'),
(244, '10000244M', 'Eduardo', 'Pardo Fernández', 'Paseo de la Castellana 27, Valladolid', 'eduardo.pardo28@outlook.com', '982223943', '1950-04-13'),
(245, '10000245Y', 'Patricia', 'Sánchez Pardo', 'Calle del Prado 83, Badalona', 'patricia.sanchez10@yahoo.es', '914139755', '1951-07-03'),
(246, '10000246F', 'Raúl', 'Ramos González', 'Paseo de la Castellana 80, Valencia', 'raul.ramos25@yahoo.es', '775949299', '1972-09-12'),
(247, '10000247P', 'Rosa', 'Ríos Hernández', 'Calle Mayor 41, Palma', 'rosa.rios29@outlook.com', '752577754', '1983-09-09'),
(248, '10000248D', 'Eduardo', 'González Díaz', 'Avenida de Andalucía 11, Bilbao', 'eduardo.gonzalez18@telefonica.net', '641108099', '1976-05-06'),
(249, '10000249X', 'Julia', 'Domínguez Martínez', 'Calle San Juan 34, Badalona', 'julia.dominguez70@outlook.com', '925639427', '1984-12-15'),
(250, '10000250B', 'Roberto', 'Fernández Navarro', 'Calle Nueva 65, Madrid', 'roberto.fernandez85@hotmail.com', '928272299', '1999-02-27'),
(251, '10000251N', 'Isabel', 'Delgado Ortiz', 'Calle Mayor 29, Elche', 'isabel.delgado30@gmail.com', '753038567', '1980-10-14'),
(252, '10000252J', 'Pedro', 'Martínez Blanco', 'Calle del Sol 91, Oviedo', 'pedro.martinez82@yahoo.es', '949892665', '1992-09-21'),
(253, '10000253Z', 'Claudia', 'Rodríguez Mora', 'Paseo de la Castellana 49, Palma', 'claudia.rodriguez67@outlook.com', '757790827', '1954-11-09'),
(254, '10000254S', 'Jorge', 'Rodríguez Nieto', 'Paseo de la Castellana 28, Zaragoza', 'jorge.rodriguez24@hotmail.com', '791365177', '1982-12-22'),
(255, '10000255Q', 'Elena', 'Hernández Iglesias', 'Calle Mayor 32, Barcelona', 'elena.hernandez17@telefonica.net', '922809202', '1963-03-03'),
(256, '10000256V', 'Luis', 'Mora Navarro', 'Avenida de Andalucía 73, Madrid', 'luis.mora93@yahoo.es', '637977236', '1993-11-26'),
(257, '10000257H', 'Isabel', 'Díaz Nieto', 'Paseo de la Castellana 22, Córdoba', 'isabel.diaz59@telefonica.net', '913662103', '1986-11-23'),
(258, '10000258L', 'Roberto', 'Iglesias Ruiz', 'Avenida de Andalucía 13, Málaga', 'roberto.iglesias61@telefonica.net', '908811729', '1988-05-19'),
(259, '10000259C', 'María', 'Ríos Mora', 'Avenida de España 48, Barcelona', 'maria.rios90@telefonica.net', '737659916', '1952-01-05'),
(260, '10000260K', 'Miguel', 'Delgado Vázquez', 'Calle del Sol 37, Sabadell', 'miguel.delgado70@outlook.com', '730098180', '1973-08-23'),
(261, '10000261E', 'Claudia', 'Domínguez Blanco', 'Avenida de España 47, Sevilla', 'claudia.dominguez20@outlook.com', '994486959', '1964-09-20'),
(262, '10000262T', 'Raúl', 'Navarro Domínguez', 'Avenida de España 71, Badalona', 'raul.navarro62@hotmail.com', '788744956', '2006-01-04'),
(263, '10000263R', 'Isabel', 'Pérez Vázquez', 'Calle del Prado 90, Málaga', 'isabel.perez13@hotmail.com', '965890260', '1948-03-03'),
(264, '10000264W', 'Manuel', 'Delgado Ríos', 'Calle del Sol 9, Bilbao', 'manuel.delgado29@yahoo.es', '690669849', '1945-02-25'),
(265, '10000265A', 'Julia', 'Díaz Leal', 'Calle del Prado 2, Murcia', 'julia.diaz85@telefonica.net', '730988392', '2000-06-20'),
(266, '10000266G', 'Pedro', 'Romero Ramos', 'Calle Mayor 21, Valencia', 'pedro.romero36@outlook.com', '766938011', '1989-04-22'),
(267, '10000267M', 'Lucía', 'Pardo Ortiz', 'Calle Nueva 36, Palma', 'lucia.pardo78@hotmail.com', '769042681', '1990-02-12'),
(268, '10000268Y', 'Antonio', 'Nieto Moreno', 'Calle Nueva 15, Oviedo', 'antonio.nieto33@telefonica.net', '947697357', '2001-02-23'),
(269, '10000269F', 'Silvia', 'López Delgado', 'Calle del Sol 34, Valencia', 'silvia.lopez49@hotmail.com', '935658804', '1962-04-09'),
(270, '10000270P', 'Francisco', 'Fernández Navarro', 'Calle Nueva 10, Badalona', 'francisco.fernandez23@outlook.com', '753942373', '1961-01-25'),
(271, '10000271D', 'Mónica', 'Ramos Gil', 'Calle Real 30, Murcia', 'monica.ramos32@telefonica.net', '721117908', '1943-10-16'),
(272, '10000272X', 'Andrés', 'Romero Blanco', 'Calle del Prado 74, Bilbao', 'andres.romero63@hotmail.com', '946392086', '1982-11-29'),
(273, '10000273B', 'Nuria', 'Martínez Nieto', 'Calle Nueva 51, Málaga', 'nuria.martinez59@gmail.com', '987500369', '1949-01-14'),
(274, '10000274N', 'Álvaro', 'Romero Gil', 'Avenida de la Constitución 71, Bilbao', 'alvaro.romero31@yahoo.es', '795527636', '2002-11-11'),
(275, '10000275J', 'Julia', 'Romero Romero', 'Avenida de España 36, Granada', 'julia.romero24@telefonica.net', '693143866', '1957-08-03'),
(276, '10000276Z', 'Manuel', 'Ruiz Delgado', 'Calle Mayor 23, Gijón', 'manuel.ruiz64@hotmail.com', '988574489', '1944-04-12'),
(277, '10000277S', 'Cristina', 'González Hernández', 'Calle Mayor 28, Bilbao', 'cristina.gonzalez61@gmail.com', '754558845', '1941-10-11'),
(278, '10000278Q', 'Javier', 'Pérez Ortiz', 'Avenida de Andalucía 26, Cartagena', 'javier.perez74@telefonica.net', '645587716', '1995-01-20'),
(279, '10000279V', 'Lucía', 'Flores Ruiz', 'Avenida de la Constitución 82, Córdoba', 'lucia.flores54@telefonica.net', '961125355', '1998-08-01'),
(280, '10000280H', 'Francisco', 'Serrano Navarro', 'Paseo de la Castellana 57, Valladolid', 'francisco.serrano96@telefonica.net', '976220234', '2006-09-26'),
(281, '10000281L', 'Yolanda', 'Fernández Domínguez', 'Avenida de la Constitución 51, Sevilla', 'yolanda.fernandez13@gmail.com', '780068114', '1995-06-14'),
(282, '10000282C', 'Manuel', 'Fernández Suárez', 'Paseo de la Castellana 30, Palma', 'manuel.fernandez95@yahoo.es', '722820055', '1982-09-19'),
(283, '10000283K', 'Silvia', 'Bravo Serrano', 'Calle San Juan 57, Zaragoza', 'silvia.bravo90@telefonica.net', '699796884', '1971-02-23'),
(284, '10000284E', 'Andrés', 'Bravo Vázquez', 'Calle del Sol 57, Alicante', 'andres.bravo47@outlook.com', '724008254', '1982-02-03'),
(285, '10000285T', 'Nuria', 'García Leal', 'Calle del Prado 39, Madrid', 'nuria.garcia99@outlook.com', '793085368', '1979-03-20'),
(286, '10000286R', 'Fernando', 'Ramos Hernández', 'Avenida de España 49, Palma', 'fernando.ramos34@gmail.com', '738944846', '1956-11-12'),
(287, '10000287W', 'Laura', 'Díaz Jiménez', 'Paseo de la Castellana 15, Granada', 'laura.diaz80@outlook.com', '797350208', '1941-12-26'),
(288, '10000288A', 'Luis', 'González Moreno', 'Paseo de la Castellana 17, Granada', 'luis.gonzalez94@gmail.com', '612073564', '2010-06-28'),
(289, '10000289G', 'Beatriz', 'Romero Flores', 'Calle Mayor 43, Valencia', 'beatriz.romero97@hotmail.com', '646187234', '1974-03-26'),
(290, '10000290M', 'Carlos', 'Pérez Ramos', 'Avenida de España 99, Granada', 'carlos.perez32@gmail.com', '671837645', '1954-03-25'),
(291, '10000291Y', 'Claudia', 'Martínez Pardo', 'Calle San Juan 16, Bilbao', 'claudia.martinez62@yahoo.es', '650313650', '1955-01-06'),
(292, '10000292F', 'Miguel', 'Pérez Navarro', 'Calle Real 2, Barcelona', 'miguel.perez75@outlook.com', '992513271', '2001-07-16'),
(293, '10000293P', 'Andrea', 'Castro Sánchez', 'Calle Mayor 46, Zaragoza', 'andrea.castro90@telefonica.net', '627358573', '1941-11-30'),
(294, '10000294D', 'Iván', 'Suárez Ortiz', 'Avenida de la Constitución 33, Barcelona', 'ivan.suarez63@outlook.com', '948739285', '1969-01-14'),
(295, '10000295X', 'Mónica', 'Flores Serrano', 'Avenida de Andalucía 71, Málaga', 'monica.flores9@telefonica.net', '674485708', '1974-01-02'),
(296, '10000296B', 'Rubén', 'Díaz López', 'Avenida de Andalucía 47, Sabadell', 'ruben.diaz31@yahoo.es', '918638782', '1994-12-31'),
(297, '10000297N', 'Lucía', 'Blanco Iglesias', 'Calle Nueva 15, Sevilla', 'lucia.blanco67@gmail.com', '622031731', '1942-11-08'),
(298, '10000298J', 'Pablo', 'Suárez Leal', 'Calle San Juan 80, Cartagena', 'pablo.suarez33@gmail.com', '739103717', '1997-04-27'),
(299, '10000299Z', 'Ana', 'Romero Pardo', 'Avenida de España 48, Barcelona', 'ana.romero79@yahoo.es', '901413811', '2005-01-21'),
(300, '10000300S', 'Jorge', 'Bravo Suárez', 'Calle Real 25, Oviedo', 'jorge.bravo85@hotmail.com', '928861957', '2003-01-11'),
(301, '10000301Q', 'Verónica', 'Ríos González', 'Avenida de la Constitución 24, Badalona', 'veronica.rios52@telefonica.net', '728975585', '1973-05-07'),
(302, '10000302V', 'Javier', 'Ríos Blanco', 'Avenida de Andalucía 31, Cartagena', 'javier.rios70@hotmail.com', '784577600', '1965-07-09'),
(303, '10000303H', 'Andrea', 'López Mora', 'Avenida de la Constitución 39, Madrid', 'andrea.lopez39@hotmail.com', '650488899', '1953-11-17'),
(304, '10000304L', 'José', 'Martínez Flores', 'Calle Nueva 20, Zaragoza', 'jose.martinez34@yahoo.es', '933441969', '1959-07-04'),
(305, '10000305C', 'Mónica', 'Rodríguez Blanco', 'Calle del Prado 23, Elche', 'monica.rodriguez89@telefonica.net', '694096105', '1971-03-19'),
(306, '10000306K', 'Javier', 'Iglesias Pérez', 'Calle Real 96, Sabadell', 'javier.iglesias2@outlook.com', '648058925', '1985-01-26'),
(307, '10000307E', 'Yolanda', 'Vázquez Ruiz', 'Calle Mayor 87, Vigo', 'yolanda.vazquez58@telefonica.net', '981364622', '1970-02-27'),
(308, '10000308T', 'Antonio', 'Delgado Sánchez', 'Calle San Juan 52, Bilbao', 'antonio.delgado11@outlook.com', '962278376', '1998-07-07'),
(309, '10000309R', 'Paloma', 'Torres Pardo', 'Avenida de Andalucía 95, Oviedo', 'paloma.torres32@hotmail.com', '646591166', '1972-10-08'),
(310, '10000310W', 'Sergio', 'Torres Blanco', 'Calle Nueva 77, Madrid', 'sergio.torres99@yahoo.es', '659792703', '1957-11-30'),
(311, '10000311A', 'Verónica', 'Romero Ruiz', 'Calle del Sol 15, Barcelona', 'veronica.romero32@telefonica.net', '640514770', '1969-10-09'),
(312, '10000312G', 'David', 'Bravo Domínguez', 'Calle Real 70, Oviedo', 'david.bravo97@yahoo.es', '979206980', '1962-12-01'),
(313, '10000313M', 'Patricia', 'Sánchez Moreno', 'Calle Real 90, Sabadell', 'patricia.sanchez35@gmail.com', '701645104', '1998-04-05'),
(314, '10000314Y', 'Fernando', 'Vázquez Suárez', 'Calle San Juan 91, Sevilla', 'fernando.vazquez41@outlook.com', '981238780', '1943-07-26'),
(315, '10000315F', 'Sara', 'Mora Molina', 'Calle Nueva 63, Vigo', 'sara.mora96@hotmail.com', '655543840', '1996-02-21'),
(316, '10000316P', 'Miguel', 'Suárez López', 'Calle San Juan 36, Palma', 'miguel.suarez20@yahoo.es', '721689363', '1991-05-25'),
(317, '10000317D', 'Isabel', 'Ríos Molina', 'Avenida de Andalucía 43, Granada', 'isabel.rios70@hotmail.com', '629832482', '1978-08-01'),
(318, '10000318X', 'Marco', 'Ruiz Hernández', 'Calle Nueva 9, Badalona', 'marco.ruiz69@gmail.com', '652056647', '2006-11-22'),
(319, '10000319B', 'Claudia', 'Serrano Ruiz', 'Calle Real 14, Zaragoza', 'claudia.serrano24@gmail.com', '994999393', '1960-09-18'),
(320, '10000320N', 'Raúl', 'López Ortiz', 'Calle del Sol 89, Elche', 'raul.lopez18@telefonica.net', '975267722', '1957-05-03'),
(321, '10000321J', 'Sara', 'Martínez Iglesias', 'Calle Mayor 35, Gijón', 'sara.martinez29@hotmail.com', '612797573', '1978-05-11'),
(322, '10000322Z', 'Fernando', 'Martínez Suárez', 'Calle Nueva 51, Sabadell', 'fernando.martinez96@telefonica.net', '988081770', '1962-01-16'),
(323, '10000323S', 'Pilar', 'Bravo Navarro', 'Calle Mayor 72, Vigo', 'pilar.bravo67@gmail.com', '647644726', '1966-05-31'),
(324, '10000324Q', 'Diego', 'Sánchez Mora', 'Avenida de la Constitución 60, Granada', 'diego.sanchez12@telefonica.net', '629826657', '1942-03-27'),
(325, '10000325V', 'Patricia', 'Flores Torres', 'Calle del Prado 12, Bilbao', 'patricia.flores42@hotmail.com', '911175186', '2005-03-18'),
(326, '10000326H', 'Roberto', 'Hernández Suárez', 'Calle San Juan 49, Barcelona', 'roberto.hernandez99@hotmail.com', '792222064', '1967-10-08'),
(327, '10000327L', 'Mónica', 'Vega Moreno', 'Avenida de la Constitución 16, Zaragoza', 'monica.vega26@gmail.com', '940777809', '1984-04-08'),
(328, '10000328C', 'Jorge', 'Domínguez Delgado', 'Calle del Prado 53, Granada', 'jorge.dominguez11@telefonica.net', '903849830', '1956-07-31'),
(329, '10000329K', 'Isabel', 'Sánchez Ortiz', 'Calle Mayor 19, Barcelona', 'isabel.sanchez86@telefonica.net', '945101622', '2000-04-18'),
(330, '10000330E', 'Francisco', 'Pardo Díaz', 'Calle del Prado 96, Cartagena', 'francisco.pardo47@gmail.com', '645561681', '1966-04-09'),
(331, '10000331T', 'Beatriz', 'Jiménez Pérez', 'Paseo de la Castellana 43, Oviedo', 'beatriz.jimenez53@telefonica.net', '639019817', '2004-12-16'),
(332, '10000332R', 'Iván', 'Moreno Ríos', 'Avenida de Andalucía 41, Bilbao', 'ivan.moreno68@telefonica.net', '952997877', '1956-02-21'),
(333, '10000333W', 'Andrea', 'Vázquez Moreno', 'Calle Real 1, Sevilla', 'andrea.vazquez4@outlook.com', '913966055', '1990-04-11'),
(334, '10000334A', 'Alejandro', 'Domínguez García', 'Calle Real 89, Alicante', 'alejandro.dominguez33@gmail.com', '748850155', '1975-07-13'),
(335, '10000335G', 'Mónica', 'López Díaz', 'Calle Real 43, Córdoba', 'monica.lopez87@outlook.com', '702727857', '2010-05-02'),
(336, '10000336M', 'Javier', 'Sánchez Mora', 'Paseo de la Castellana 73, Córdoba', 'javier.sanchez72@telefonica.net', '639551240', '1970-06-05'),
(337, '10000337Y', 'Cristina', 'Bravo Hernández', 'Avenida de Andalucía 78, Vigo', 'cristina.bravo24@telefonica.net', '645046173', '1973-05-03'),
(338, '10000338F', 'Rafael', 'Molina Domínguez', 'Calle San Juan 39, Málaga', 'rafael.molina15@yahoo.es', '631780782', '1957-01-23'),
(339, '10000339P', 'Rosa', 'Delgado Mora', 'Paseo de la Castellana 100, Córdoba', 'rosa.delgado19@gmail.com', '923076810', '1967-11-25'),
(340, '10000340D', 'Pedro', 'Fernández Castro', 'Calle del Prado 6, Sevilla', 'pedro.fernandez67@yahoo.es', '694353344', '1987-10-02'),
(341, '10000341X', 'Rosa', 'Vega Pérez', 'Paseo de la Castellana 20, Málaga', 'rosa.vega36@gmail.com', '698813858', '1968-07-28'),
(342, '10000342B', 'Miguel', 'Ruiz Moreno', 'Avenida de Andalucía 32, Málaga', 'miguel.ruiz10@yahoo.es', '958702070', '1949-07-03'),
(343, '10000343N', 'Cristina', 'Sánchez Fernández', 'Avenida de España 51, Málaga', 'cristina.sanchez91@telefonica.net', '979545381', '2007-10-20'),
(344, '10000344J', 'Marco', 'Flores Jiménez', 'Calle del Sol 90, Granada', 'marco.flores13@outlook.com', '777332945', '1975-03-05'),
(345, '10000345Z', 'Patricia', 'Castro Blanco', 'Calle del Prado 63, Madrid', 'patricia.castro9@outlook.com', '657724599', '1951-06-06'),
(346, '10000346S', 'Roberto', 'González Navarro', 'Calle del Sol 42, Badalona', 'roberto.gonzalez84@gmail.com', '787696393', '1989-02-27'),
(347, '10000347Q', 'Patricia', 'Delgado Suárez', 'Calle del Sol 44, Murcia', 'patricia.delgado89@telefonica.net', '769583219', '1983-08-28'),
(348, '10000348V', 'José', 'Flores Blanco', 'Calle San Juan 13, Granada', 'jose.flores23@yahoo.es', '719196570', '1948-02-14'),
(349, '10000349H', 'Elena', 'Jiménez García', 'Avenida de la Constitución 85, Zaragoza', 'elena.jimenez58@telefonica.net', '769973354', '1991-02-28'),
(350, '10000350L', 'Raúl', 'Molina Ríos', 'Calle Nueva 12, Cartagena', 'raul.molina2@telefonica.net', '962405800', '2003-02-06'),
(351, '10000351C', 'Nuria', 'Ortiz Pérez', 'Paseo de la Castellana 4, Palma', 'nuria.ortiz56@telefonica.net', '756666832', '1982-08-08'),
(352, '10000352K', 'Manuel', 'Torres Pardo', 'Avenida de España 47, Gijón', 'manuel.torres20@yahoo.es', '922010276', '1952-03-07'),
(353, '10000353E', 'Laura', 'Jiménez Iglesias', 'Calle del Prado 90, Sabadell', 'laura.jimenez55@telefonica.net', '678687653', '1956-09-01'),
(354, '10000354T', 'Javier', 'García Leal', 'Calle Real 92, Oviedo', 'javier.garcia35@outlook.com', '995009751', '1992-01-22'),
(355, '10000355R', 'Beatriz', 'Fernández Ruiz', 'Calle San Juan 97, Bilbao', 'beatriz.fernandez60@telefonica.net', '689137189', '1968-01-13'),
(356, '10000356W', 'Diego', 'Sánchez Castro', 'Calle San Juan 100, Madrid', 'diego.sanchez61@outlook.com', '979565442', '1943-03-03'),
(357, '10000357A', 'Yolanda', 'Molina Gil', 'Calle Mayor 81, Elche', 'yolanda.molina75@hotmail.com', '904904712', '1985-05-11'),
(358, '10000358G', 'Antonio', 'Serrano Gil', 'Avenida de la Constitución 79, Bilbao', 'antonio.serrano36@yahoo.es', '619292752', '1963-06-09'),
(359, '10000359M', 'Yolanda', 'Ramos Leal', 'Avenida de la Constitución 68, Barcelona', 'yolanda.ramos44@gmail.com', '692766372', '1958-12-01'),
(360, '10000360Y', 'Pablo', 'Ortiz Sánchez', 'Paseo de la Castellana 97, Sevilla', 'pablo.ortiz7@hotmail.com', '767478366', '1982-07-30'),
(361, '10000361F', 'Marta', 'Ruiz Mora', 'Avenida de España 2, Alicante', 'marta.ruiz58@outlook.com', '958018569', '1998-07-01'),
(362, '10000362P', 'Miguel', 'Castro Serrano', 'Paseo de la Castellana 13, Bilbao', 'miguel.castro84@telefonica.net', '773938525', '1989-02-16'),
(363, '10000363D', 'María', 'García Rodríguez', 'Calle Mayor 53, Sevilla', 'maria.garcia68@gmail.com', '975344300', '1995-07-27'),
(364, '10000364X', 'Antonio', 'Sánchez Domínguez', 'Avenida de Andalucía 82, Sevilla', 'antonio.sanchez91@gmail.com', '692692124', '1966-06-05'),
(365, '10000365B', 'Silvia', 'Rodríguez Flores', 'Paseo de la Castellana 99, Gijón', 'silvia.rodriguez89@yahoo.es', '721406650', '1963-03-02'),
(366, '10000366N', 'Miguel', 'Díaz Vega', 'Calle del Sol 63, Murcia', 'miguel.diaz79@outlook.com', '671286391', '1979-08-13'),
(367, '10000367J', 'Yolanda', 'Gil González', 'Calle Mayor 10, Valencia', 'yolanda.gil74@yahoo.es', '707200642', '2002-10-21'),
(368, '10000368Z', 'Álvaro', 'Navarro García', 'Calle San Juan 91, Elche', 'alvaro.navarro62@outlook.com', '718306719', '1988-01-09'),
(369, '10000369S', 'Teresa', 'Castro Molina', 'Avenida de España 8, Valencia', 'teresa.castro47@telefonica.net', '717432806', '1999-04-11'),
(370, '10000370Q', 'David', 'Molina Suárez', 'Calle del Sol 81, Valladolid', 'david.molina63@gmail.com', '973203093', '1983-11-22'),
(371, '10000371V', 'Cristina', 'Rodríguez Bravo', 'Paseo de la Castellana 64, Badalona', 'cristina.rodriguez58@gmail.com', '650506138', '1981-02-13'),
(372, '10000372H', 'Raúl', 'Bravo Ruiz', 'Avenida de Andalucía 30, Valencia', 'raul.bravo5@hotmail.com', '707903202', '1996-10-04'),
(373, '10000373L', 'Ana', 'Molina González', 'Calle del Prado 79, Málaga', 'ana.molina76@gmail.com', '617993136', '1970-04-07'),
(374, '10000374C', 'Rubén', 'Navarro Blanco', 'Calle del Sol 88, Cartagena', 'ruben.navarro70@hotmail.com', '730925114', '1952-09-02'),
(375, '10000375K', 'Julia', 'Iglesias Hernández', 'Calle Nueva 71, Málaga', 'julia.iglesias57@hotmail.com', '902196207', '1947-03-30'),
(376, '10000376E', 'Carlos', 'García Díaz', 'Calle del Sol 91, Cartagena', 'carlos.garcia37@outlook.com', '972324876', '1961-06-18'),
(377, '10000377T', 'Patricia', 'Martínez Díaz', 'Calle del Prado 79, Valencia', 'patricia.martinez81@yahoo.es', '760833181', '1995-07-11'),
(378, '10000378R', 'Sergio', 'Bravo Nieto', 'Calle Real 60, Murcia', 'sergio.bravo36@gmail.com', '612772200', '1997-11-07'),
(379, '10000379W', 'Teresa', 'Moreno Domínguez', 'Avenida de España 33, Córdoba', 'teresa.moreno79@outlook.com', '610822078', '1950-05-31'),
(380, '10000380A', 'Antonio', 'Ramos Vega', 'Avenida de Andalucía 75, Córdoba', 'antonio.ramos54@hotmail.com', '953153136', '1957-12-09'),
(381, '10000381G', 'Cristina', 'Vázquez Rodríguez', 'Calle del Prado 75, Elche', 'cristina.vazquez7@outlook.com', '639726527', '2004-07-30'),
(382, '10000382M', 'David', 'Ortiz Serrano', 'Calle Real 43, Zaragoza', 'david.ortiz5@telefonica.net', '642177625', '1959-09-22'),
(383, '10000383Y', 'Lucía', 'Hernández Hernández', 'Avenida de Andalucía 71, Palma', 'lucia.hernandez12@outlook.com', '973977406', '2006-01-17'),
(384, '10000384F', 'Jorge', 'Ramos Blanco', 'Avenida de España 75, Palma', 'jorge.ramos76@hotmail.com', '906007806', '1987-08-25'),
(385, '10000385P', 'Cristina', 'Delgado González', 'Calle del Prado 64, Palma', 'cristina.delgado11@telefonica.net', '663254310', '1983-01-16'),
(386, '10000386D', 'Raúl', 'Molina Hernández', 'Calle del Prado 74, Cartagena', 'raul.molina4@outlook.com', '726257016', '2001-12-20'),
(387, '10000387X', 'Rosa', 'Mora Martínez', 'Paseo de la Castellana 55, Bilbao', 'rosa.mora90@telefonica.net', '993195085', '1944-08-16'),
(388, '10000388B', 'José', 'Suárez Romero', 'Calle del Prado 80, Barcelona', 'jose.suarez47@yahoo.es', '681832538', '1950-03-10'),
(389, '10000389N', 'Claudia', 'Delgado Domínguez', 'Calle Real 42, Valladolid', 'claudia.delgado35@telefonica.net', '964015577', '1984-12-26'),
(390, '10000390J', 'Roberto', 'Pérez Delgado', 'Calle San Juan 87, Badalona', 'roberto.perez38@outlook.com', '951371162', '1965-11-14'),
(391, '10000391Z', 'Laura', 'González Hernández', 'Paseo de la Castellana 15, Zaragoza', 'laura.gonzalez64@hotmail.com', '680468275', '1977-09-09'),
(392, '10000392S', 'Rafael', 'López Moreno', 'Calle Real 9, Madrid', 'rafael.lopez30@telefonica.net', '956955798', '1989-03-16'),
(393, '10000393Q', 'Silvia', 'Flores Molina', 'Avenida de Andalucía 17, Alicante', 'silvia.flores22@yahoo.es', '675402547', '1954-12-04'),
(394, '10000394V', 'Diego', 'Hernández Bravo', 'Paseo de la Castellana 24, Málaga', 'diego.hernandez91@hotmail.com', '631059274', '1973-03-01'),
(395, '10000395H', 'Patricia', 'Domínguez Pardo', 'Calle Mayor 86, Córdoba', 'patricia.dominguez45@hotmail.com', '778284106', '1984-10-20'),
(396, '10000396L', 'Marco', 'Ruiz Flores', 'Calle Nueva 20, Madrid', 'marco.ruiz95@telefonica.net', '954749297', '1970-05-21'),
(397, '10000397C', 'Yolanda', 'Pérez Delgado', 'Calle Mayor 18, Badalona', 'yolanda.perez15@yahoo.es', '669375150', '1994-07-23'),
(398, '10000398K', 'Alejandro', 'Torres Mora', 'Calle Real 99, Bilbao', 'alejandro.torres26@gmail.com', '687186375', '1994-02-10'),
(399, '10000399E', 'Andrea', 'Nieto Sánchez', 'Calle Nueva 51, Zaragoza', 'andrea.nieto92@outlook.com', '765045547', '1990-05-01'),
(400, '10000400T', 'Antonio', 'Domínguez Vega', 'Avenida de España 57, Alicante', 'antonio.dominguez21@outlook.com', '962991234', '1982-07-31');

-- --------------------------------------------------------

--
-- Estructura de tabla para la tabla `personal`
--

DROP TABLE IF EXISTS `personal`;
CREATE TABLE IF NOT EXISTS `personal` (
  `idPersonal` int(11) NOT NULL AUTO_INCREMENT,
  `NIF` varchar(9) NOT NULL,
  `nombre` varchar(50) NOT NULL,
  `apellidos` varchar(255) NOT NULL,
  `tipo` varchar(50) NOT NULL,
  `activo` tinyint(1) NOT NULL DEFAULT 1,
  `email` varchar(100) DEFAULT NULL,
  `telefono` varchar(9) NOT NULL,
  `fechaAlta` date DEFAULT NULL,
  `idDepartamento` int(11) NOT NULL,
  PRIMARY KEY (`idPersonal`),
  UNIQUE KEY `uq_personal_nif` (`NIF`),
  KEY `fk_personal_departamento` (`idDepartamento`)
) ENGINE=InnoDB AUTO_INCREMENT=151 DEFAULT CHARSET=utf8mb4 COLLATE=utf8mb4_spanish_ci;

--
-- Truncar tablas antes de insertar `personal`
--

TRUNCATE TABLE `personal`;
--
-- Volcado de datos para la tabla `personal`
--

INSERT INTO `personal` (`idPersonal`, `NIF`, `nombre`, `apellidos`, `tipo`, `activo`, `email`, `telefono`, `fechaAlta`, `idDepartamento`) VALUES
(1, '20000001Y', 'Pilar', 'Castro Rodríguez', 'Enfermero', 1, 'pilar.castro1@outlook.com', '946287923', '2008-05-05', 13),
(2, '20000002F', 'Francisco', 'Pardo Leal', 'Doctor', 1, 'francisco.pardo75@yahoo.es', '787300244', '2021-03-13', 4),
(3, '20000003P', 'Claudia', 'Moreno Iglesias', 'Doctor', 1, 'claudia.moreno89@hotmail.com', '614719597', '2019-07-24', 9),
(4, '20000004D', 'Alejandro', 'Delgado Pérez', 'Enfermero', 1, 'alejandro.delgado94@telefonica.net', '642902572', '2016-01-12', 6),
(5, '20000005X', 'Ana', 'Serrano Romero', 'Enfermero', 1, 'ana.serrano7@yahoo.es', '781832192', '2014-06-21', 11),
(6, '20000006B', 'Raúl', 'Molina Serrano', 'Enfermero', 1, 'raul.molina69@telefonica.net', '720284576', '2015-04-07', 6),
(7, '20000007N', 'Carmen', 'Domínguez Ruiz', 'Doctor', 0, 'carmen.dominguez72@telefonica.net', '988816711', '2005-11-20', 1),
(8, '20000008J', 'Andrés', 'Ortiz Molina', 'Enfermero', 0, 'andres.ortiz57@telefonica.net', '952401322', '2010-03-01', 10),
(9, '20000009Z', 'Isabel', 'Domínguez Jiménez', 'Doctor', 1, 'isabel.dominguez89@gmail.com', '607603108', '2002-08-29', 16),
(10, '20000010S', 'José', 'Gil Martínez', 'Doctor', 1, 'jose.gil86@gmail.com', '619393250', '2004-01-27', 5),
(11, '20000011Q', 'Mónica', 'Serrano Ortiz', 'Enfermero', 0, 'monica.serrano65@telefonica.net', '689119083', '2008-08-04', 10),
(12, '20000012V', 'Luis', 'Bravo García', 'Doctor', 0, 'luis.bravo65@outlook.com', '792712566', '2009-08-11', 17),
(13, '20000013H', 'Sara', 'Iglesias Pérez', 'Enfermero', 1, 'sara.iglesias60@gmail.com', '927548015', '2022-02-22', 4),
(14, '20000014L', 'Fernando', 'Moreno Flores', 'Enfermero', 1, 'fernando.moreno29@telefonica.net', '746317520', '2022-01-20', 4),
(15, '20000015C', 'Cristina', 'Vega Mora', 'Doctor', 1, 'cristina.vega19@outlook.com', '791215353', '2018-02-18', 4),
(16, '20000016K', 'Jorge', 'Ríos Leal', 'Enfermero', 1, 'jorge.rios76@yahoo.es', '965796784', '2006-08-11', 15),
(17, '20000017E', 'Carmen', 'Pérez Gil', 'Personal no médico', 1, 'carmen.perez30@hotmail.com', '610170269', '2014-08-31', 5),
(18, '20000018T', 'Francisco', 'González Rodríguez', 'Personal no médico', 1, 'francisco.gonzalez26@yahoo.es', '977848588', '2000-10-16', 2),
(19, '20000019R', 'Natalia', 'Pérez Suárez', 'Personal no médico', 1, 'natalia.perez49@outlook.com', '700284276', '2006-01-12', 10),
(20, '20000020W', 'Iván', 'Suárez Leal', 'Doctor', 1, 'ivan.suarez87@outlook.com', '988977828', '2002-07-02', 13),
(21, '20000021A', 'Marta', 'Leal Suárez', 'Enfermero', 1, 'marta.leal42@gmail.com', '690255905', '2017-01-26', 4),
(22, '20000022G', 'Javier', 'Ortiz Ortiz', 'Enfermero', 1, 'javier.ortiz8@hotmail.com', '634911415', '2007-08-13', 1),
(23, '20000023M', 'Nuria', 'Blanco Martínez', 'Personal no médico', 1, 'nuria.blanco73@telefonica.net', '740790569', '2017-07-04', 11),
(24, '20000024Y', 'Pablo', 'González Leal', 'Doctor', 0, 'pablo.gonzalez44@outlook.com', '952945637', '2003-05-19', 18),
(25, '20000025F', 'Elena', 'Moreno Gil', 'Doctor', 1, 'elena.moreno74@outlook.com', '691919541', '2023-10-27', 16),
(26, '20000026P', 'Javier', 'Domínguez Ortiz', 'Doctor', 1, 'javier.dominguez65@yahoo.es', '785366498', '2020-04-30', 18),
(27, '20000027D', 'Patricia', 'López Mora', 'Doctor', 1, 'patricia.lopez64@hotmail.com', '974896908', '2008-12-31', 12),
(28, '20000028X', 'Rafael', 'Ruiz Ramos', 'Doctor', 1, 'rafael.ruiz56@outlook.com', '713644249', '2010-08-04', 13),
(29, '20000029B', 'Sara', 'Pérez Ruiz', 'Doctor', 1, 'sara.perez32@yahoo.es', '778660324', '2006-02-13', 1),
(30, '20000030N', 'Miguel', 'Serrano Pardo', 'Doctor', 1, 'miguel.serrano93@outlook.com', '601594165', '2004-01-19', 13),
(31, '20000031J', 'Mónica', 'Jiménez Ramos', 'Doctor', 1, 'monica.jimenez95@telefonica.net', '689847139', '2005-06-26', 11),
(32, '20000032Z', 'Álvaro', 'Suárez Ramos', 'Enfermero', 0, 'alvaro.suarez19@gmail.com', '634764907', '2023-12-06', 12),
(33, '20000033S', 'Yolanda', 'Pérez Blanco', 'Enfermero', 1, 'yolanda.perez88@hotmail.com', '725754090', '2002-06-14', 8),
(34, '20000034Q', 'Miguel', 'Pardo Suárez', 'Enfermero', 1, 'miguel.pardo88@gmail.com', '937606441', '2010-07-24', 10),
(35, '20000035V', 'Elena', 'Hernández Vega', 'Enfermero', 1, 'elena.hernandez5@yahoo.es', '677656124', '2022-09-17', 3),
(36, '20000036H', 'Sergio', 'Iglesias Pardo', 'Enfermero', 1, 'sergio.iglesias89@gmail.com', '627206345', '2003-09-09', 4),
(37, '20000037L', 'Patricia', 'Ramos Mora', 'Doctor', 1, 'patricia.ramos88@outlook.com', '777242954', '2008-11-28', 3),
(38, '20000038C', 'Javier', 'Romero Díaz', 'Enfermero', 1, 'javier.romero74@hotmail.com', '608931734', '2007-07-27', 2),
(39, '20000039K', 'Cristina', 'Ríos Gil', 'Doctor', 1, 'cristina.rios48@hotmail.com', '910867713', '2009-02-10', 7),
(40, '20000040E', 'Miguel', 'Moreno Leal', 'Enfermero', 0, 'miguel.moreno56@hotmail.com', '934362620', '2013-01-06', 9),
(41, '20000041T', 'Sara', 'Vega Ramos', 'Enfermero', 1, 'sara.vega88@outlook.com', '607256366', '2011-06-30', 3),
(42, '20000042R', 'José', 'Pardo Sánchez', 'Doctor', 1, 'jose.pardo31@outlook.com', '799004896', '2013-07-27', 13),
(43, '20000043W', 'Verónica', 'Romero Jiménez', 'Doctor', 1, 'veronica.romero23@yahoo.es', '687572158', '2019-06-03', 5),
(44, '20000044A', 'Miguel', 'Pérez Blanco', 'Doctor', 0, 'miguel.perez64@yahoo.es', '956449485', '2019-07-19', 6),
(45, '20000045G', 'Rosa', 'Leal Ruiz', 'Personal no médico', 1, 'rosa.leal25@hotmail.com', '632074276', '2005-03-15', 16),
(46, '20000046M', 'Pedro', 'Vega Ortiz', 'Personal no médico', 1, 'pedro.vega64@gmail.com', '921513422', '2022-10-27', 9),
(47, '20000047Y', 'Paloma', 'Domínguez García', 'Doctor', 1, 'paloma.dominguez10@hotmail.com', '715041659', '2004-10-03', 11),
(48, '20000048F', 'Manuel', 'López Fernández', 'Personal no médico', 1, 'manuel.lopez59@yahoo.es', '905097592', '2009-06-25', 2),
(49, '20000049P', 'Claudia', 'Moreno Blanco', 'Doctor', 1, 'claudia.moreno71@telefonica.net', '716423610', '2009-05-04', 6),
(50, '20000050D', 'Fernando', 'Navarro Moreno', 'Doctor', 1, 'fernando.navarro39@outlook.com', '749251583', '2021-12-17', 15),
(51, '20000051X', 'Cristina', 'Delgado Serrano', 'Enfermero', 1, 'cristina.delgado97@outlook.com', '792661085', '2020-10-16', 8),
(52, '20000052B', 'Alejandro', 'Ruiz Leal', 'Doctor', 1, 'alejandro.ruiz60@outlook.com', '674224386', '2013-04-03', 19),
(53, '20000053N', 'Ana', 'Pardo Rodríguez', 'Doctor', 1, 'ana.pardo14@telefonica.net', '761794549', '2003-09-01', 17),
(54, '20000054J', 'Carlos', 'Pérez Flores', 'Doctor', 0, 'carlos.perez51@gmail.com', '664597794', '2015-04-24', 6),
(55, '20000055Z', 'Elena', 'Díaz Fernández', 'Enfermero', 1, 'elena.diaz56@telefonica.net', '606102776', '2021-10-31', 10),
(56, '20000056S', 'Diego', 'Romero Navarro', 'Enfermero', 1, 'diego.romero17@hotmail.com', '631030372', '2010-11-05', 14),
(57, '20000057Q', 'Claudia', 'Bravo Torres', 'Doctor', 1, 'claudia.bravo99@outlook.com', '676012277', '2021-02-23', 1),
(58, '20000058V', 'Rafael', 'Ramos Torres', 'Enfermero', 1, 'rafael.ramos51@gmail.com', '701667998', '2013-01-16', 2),
(59, '20000059H', 'Beatriz', 'Navarro Leal', 'Personal no médico', 0, 'beatriz.navarro92@gmail.com', '906958146', '2021-03-26', 4),
(60, '20000060L', 'Andrés', 'Ortiz Vega', 'Enfermero', 1, 'andres.ortiz21@yahoo.es', '937573839', '2015-03-19', 20),
(61, '20000061C', 'Yolanda', 'Flores Jiménez', 'Enfermero', 1, 'yolanda.flores54@yahoo.es', '729341722', '2008-12-12', 6),
(62, '20000062K', 'Diego', 'Leal González', 'Enfermero', 1, 'diego.leal39@hotmail.com', '680054522', '2022-08-01', 2),
(63, '20000063E', 'Laura', 'Castro Ríos', 'Doctor', 1, 'laura.castro30@gmail.com', '937455084', '2006-10-12', 17),
(64, '20000064T', 'Diego', 'González Sánchez', 'Personal no médico', 1, 'diego.gonzalez97@gmail.com', '699180812', '2005-04-18', 7),
(65, '20000065R', 'Teresa', 'Hernández Moreno', 'Personal no médico', 1, 'teresa.hernandez64@gmail.com', '655213760', '2011-01-02', 16),
(66, '20000066W', 'Álvaro', 'Moreno Nieto', 'Doctor', 1, 'alvaro.moreno35@yahoo.es', '965328632', '2019-03-27', 14),
(67, '20000067A', 'Natalia', 'Flores Mora', 'Enfermero', 1, 'natalia.flores57@hotmail.com', '681155626', '2002-10-04', 13),
(68, '20000068G', 'Marco', 'Martínez Ruiz', 'Doctor', 1, 'marco.martinez38@outlook.com', '784550489', '2006-08-03', 13),
(69, '20000069M', 'Silvia', 'Domínguez Bravo', 'Personal no médico', 1, 'silvia.dominguez84@outlook.com', '641085628', '2012-09-25', 7),
(70, '20000070Y', 'Antonio', 'Nieto Pardo', 'Enfermero', 1, 'antonio.nieto44@hotmail.com', '608943468', '2004-12-14', 2),
(71, '20000071F', 'Teresa', 'Gil Nieto', 'Enfermero', 1, 'teresa.gil7@gmail.com', '749075399', '2023-12-03', 20),
(72, '20000072P', 'Jorge', 'Ortiz Molina', 'Enfermero', 1, 'jorge.ortiz87@hotmail.com', '968315893', '2016-03-16', 15),
(73, '20000073D', 'Carmen', 'Ruiz Ríos', 'Enfermero', 1, 'carmen.ruiz12@gmail.com', '727371586', '2023-04-12', 13),
(74, '20000074X', 'Miguel', 'Leal Ríos', 'Personal no médico', 1, 'miguel.leal94@outlook.com', '628277288', '2005-04-18', 7),
(75, '20000075B', 'Silvia', 'Delgado Martínez', 'Doctor', 1, 'silvia.delgado48@gmail.com', '961159408', '2006-11-16', 4),
(76, '20000076N', 'Sergio', 'Molina Romero', 'Enfermero', 1, 'sergio.molina63@gmail.com', '629604432', '2021-12-04', 1),
(77, '20000077J', 'Carmen', 'Pardo Ortiz', 'Doctor', 1, 'carmen.pardo54@outlook.com', '949756792', '2006-03-19', 17),
(78, '20000078Z', 'Alejandro', 'Flores Vega', 'Personal no médico', 0, 'alejandro.flores94@yahoo.es', '699663658', '2002-01-20', 15),
(79, '20000079S', 'Mónica', 'Serrano Fernández', 'Doctor', 1, 'monica.serrano74@yahoo.es', '918139890', '2023-05-28', 7),
(80, '20000080Q', 'Marco', 'Delgado Nieto', 'Doctor', 1, 'marco.delgado85@telefonica.net', '604339718', '2014-05-16', 13),
(81, '20000081V', 'Paloma', 'Martínez Leal', 'Doctor', 1, 'paloma.martinez56@hotmail.com', '708564111', '2007-07-18', 10),
(82, '20000082H', 'Manuel', 'Díaz Gil', 'Doctor', 0, 'manuel.diaz40@outlook.com', '920952004', '2017-06-28', 4),
(83, '20000083L', 'Rosa', 'Ruiz Iglesias', 'Enfermero', 1, 'rosa.ruiz49@gmail.com', '633993788', '2017-04-09', 4),
(84, '20000084C', 'Miguel', 'Sánchez Blanco', 'Personal no médico', 1, 'miguel.sanchez53@gmail.com', '706304891', '2011-01-18', 18),
(85, '20000085K', 'Claudia', 'Jiménez Molina', 'Enfermero', 1, 'claudia.jimenez11@telefonica.net', '625823868', '2020-04-06', 2),
(86, '20000086E', 'Carlos', 'Flores Moreno', 'Doctor', 1, 'carlos.flores8@outlook.com', '794653984', '2002-01-15', 6),
(87, '20000087T', 'Mónica', 'Bravo Rodríguez', 'Enfermero', 1, 'monica.bravo51@gmail.com', '684639855', '2011-09-22', 15),
(88, '20000088R', 'Miguel', 'Ramos Blanco', 'Enfermero', 0, 'miguel.ramos59@telefonica.net', '702097002', '2018-07-14', 18),
(89, '20000089W', 'Yolanda', 'Leal Navarro', 'Doctor', 1, 'yolanda.leal69@gmail.com', '971569562', '2000-05-18', 4),
(90, '20000090A', 'Rafael', 'Romero Torres', 'Personal no médico', 1, 'rafael.romero29@gmail.com', '753194337', '2016-04-13', 2),
(91, '20000091G', 'Marta', 'Leal Domínguez', 'Doctor', 0, 'marta.leal82@outlook.com', '649872839', '2007-11-15', 3),
(92, '20000092M', 'Pablo', 'Jiménez Rodríguez', 'Doctor', 1, 'pablo.jimenez73@hotmail.com', '943089487', '2000-02-02', 14),
(93, '20000093Y', 'Claudia', 'Sánchez Blanco', 'Enfermero', 1, 'claudia.sanchez36@gmail.com', '987758030', '2012-06-19', 14),
(94, '20000094F', 'Eduardo', 'Vega Blanco', 'Doctor', 1, 'eduardo.vega25@yahoo.es', '690361332', '2014-10-08', 10),
(95, '20000095P', 'Laura', 'González López', 'Personal no médico', 1, 'laura.gonzalez4@telefonica.net', '954317350', '2014-12-18', 17),
(96, '20000096D', 'Jorge', 'Rodríguez Vega', 'Doctor', 1, 'jorge.rodriguez75@gmail.com', '600651207', '2002-06-16', 10),
(97, '20000097X', 'Andrea', 'Ríos Rodríguez', 'Doctor', 1, 'andrea.rios72@gmail.com', '766196399', '2000-06-22', 15),
(98, '20000098B', 'Fernando', 'Flores Ríos', 'Doctor', 1, 'fernando.flores84@gmail.com', '785931109', '2003-01-11', 19),
(99, '20000099N', 'Elena', 'Jiménez Nieto', 'Enfermero', 1, 'elena.jimenez54@outlook.com', '997232002', '2013-12-24', 19),
(100, '20000100J', 'Javier', 'Nieto Ortiz', 'Enfermero', 1, 'javier.nieto70@hotmail.com', '674954508', '2006-06-27', 2),
(101, '20000101Z', 'Sara', 'Nieto Pardo', 'Doctor', 1, 'sara.nieto45@hotmail.com', '631537795', '2015-01-21', 20),
(102, '20000102S', 'Francisco', 'Iglesias Castro', 'Doctor', 1, 'francisco.iglesias59@gmail.com', '730337933', '2021-07-25', 11),
(103, '20000103Q', 'Mónica', 'Suárez Domínguez', 'Enfermero', 0, 'monica.suarez1@yahoo.es', '615081247', '2008-09-20', 19),
(104, '20000104V', 'Marco', 'Romero Martínez', 'Doctor', 0, 'marco.romero26@yahoo.es', '634258323', '2000-12-18', 6),
(105, '20000105H', 'Marta', 'González López', 'Doctor', 1, 'marta.gonzalez84@gmail.com', '734735528', '2019-06-16', 3),
(106, '20000106L', 'José', 'Ruiz Jiménez', 'Doctor', 0, 'jose.ruiz69@outlook.com', '955963099', '2008-06-25', 18),
(107, '20000107C', 'Lucía', 'Ruiz Blanco', 'Doctor', 1, 'lucia.ruiz81@yahoo.es', '689731791', '2007-07-06', 17),
(108, '20000108K', 'Fernando', 'Nieto Romero', 'Personal no médico', 1, 'fernando.nieto60@hotmail.com', '758777496', '2001-08-22', 7),
(109, '20000109E', 'Sara', 'Torres Vega', 'Doctor', 1, 'sara.torres28@yahoo.es', '769254812', '2003-10-08', 10),
(110, '20000110T', 'Rafael', 'Mora Ortiz', 'Doctor', 1, 'rafael.mora6@outlook.com', '995677665', '2022-04-26', 11),
(111, '20000111R', 'Marta', 'Suárez López', 'Doctor', 1, 'marta.suarez30@yahoo.es', '915148881', '2012-05-25', 8),
(112, '20000112W', 'José', 'Pérez Rodríguez', 'Enfermero', 1, 'jose.perez70@hotmail.com', '735444392', '2011-09-18', 1),
(113, '20000113A', 'Julia', 'Molina Moreno', 'Enfermero', 1, 'julia.molina52@telefonica.net', '907826333', '2021-04-13', 8),
(114, '20000114G', 'Roberto', 'Pardo Flores', 'Personal no médico', 1, 'roberto.pardo11@yahoo.es', '666377805', '2006-03-26', 19),
(115, '20000115M', 'Isabel', 'Molina García', 'Personal no médico', 1, 'isabel.molina44@hotmail.com', '766845909', '2001-06-11', 5),
(116, '20000116Y', 'Manuel', 'Castro Navarro', 'Enfermero', 0, 'manuel.castro51@gmail.com', '963715974', '2004-03-07', 6),
(117, '20000117F', 'Carmen', 'Pardo Díaz', 'Doctor', 1, 'carmen.pardo63@gmail.com', '631643348', '2003-02-20', 15),
(118, '20000118P', 'Pedro', 'Romero Mora', 'Doctor', 0, 'pedro.romero42@outlook.com', '721286716', '2009-04-05', 5),
(119, '20000119D', 'Elena', 'Molina Ríos', 'Personal no médico', 0, 'elena.molina78@telefonica.net', '793874302', '2019-12-29', 3),
(120, '20000120X', 'Fernando', 'Ramos Mora', 'Enfermero', 1, 'fernando.ramos63@outlook.com', '790147546', '2007-11-09', 14),
(121, '20000121B', 'Sara', 'Díaz Ríos', 'Personal no médico', 1, 'sara.diaz85@hotmail.com', '991603248', '2013-02-03', 3),
(122, '20000122N', 'Iván', 'Domínguez Leal', 'Enfermero', 1, 'ivan.dominguez16@yahoo.es', '618567243', '2022-09-13', 2),
(123, '20000123J', 'Silvia', 'López Rodríguez', 'Personal no médico', 1, 'silvia.lopez44@outlook.com', '660041257', '2021-09-29', 15),
(124, '20000124Z', 'Antonio', 'Fernández Pardo', 'Doctor', 1, 'antonio.fernandez18@outlook.com', '722091241', '2023-12-25', 13),
(125, '20000125S', 'Patricia', 'Rodríguez García', 'Enfermero', 0, 'patricia.rodriguez57@yahoo.es', '630837081', '2017-07-09', 10),
(126, '20000126Q', 'Rafael', 'Sánchez García', 'Doctor', 1, 'rafael.sanchez99@hotmail.com', '653310600', '2015-02-14', 7),
(127, '20000127V', 'Verónica', 'Rodríguez Vázquez', 'Doctor', 0, 'veronica.rodriguez93@hotmail.com', '668155839', '2009-04-16', 18),
(128, '20000128H', 'Fernando', 'Ríos Pérez', 'Doctor', 0, 'fernando.rios14@yahoo.es', '720650637', '2009-11-15', 3),
(129, '20000129L', 'Verónica', 'Serrano Romero', 'Doctor', 1, 'veronica.serrano28@outlook.com', '797189241', '2014-07-20', 13),
(130, '20000130C', 'Raúl', 'Jiménez Castro', 'Doctor', 1, 'raul.jimenez86@outlook.com', '650997683', '2022-08-01', 19),
(131, '20000131K', 'Yolanda', 'García Vázquez', 'Doctor', 1, 'yolanda.garcia98@gmail.com', '736391025', '2022-05-16', 10),
(132, '20000132E', 'David', 'Ruiz Suárez', 'Doctor', 1, 'david.ruiz31@telefonica.net', '752450864', '2001-01-23', 8),
(133, '20000133T', 'Mónica', 'Castro Castro', 'Doctor', 0, 'monica.castro70@gmail.com', '933968527', '2000-04-09', 3),
(134, '20000134R', 'Andrés', 'Rodríguez Torres', 'Doctor', 0, 'andres.rodriguez27@hotmail.com', '629833816', '2020-12-13', 10),
(135, '20000135W', 'Patricia', 'Torres Ramos', 'Enfermero', 0, 'patricia.torres78@hotmail.com', '749734715', '2017-11-11', 13),
(136, '20000136A', 'Luis', 'Delgado Vega', 'Enfermero', 1, 'luis.delgado79@outlook.com', '670661498', '2006-11-08', 18),
(137, '20000137G', 'Mónica', 'Díaz Gil', 'Enfermero', 1, 'monica.diaz40@outlook.com', '768971527', '2008-10-11', 5),
(138, '20000138M', 'David', 'García García', 'Enfermero', 1, 'david.garcia52@outlook.com', '756749160', '2005-08-01', 13),
(139, '20000139Y', 'Paloma', 'Hernández Torres', 'Enfermero', 1, 'paloma.hernandez99@yahoo.es', '975066337', '2001-07-19', 12),
(140, '20000140F', 'Alejandro', 'López Ruiz', 'Enfermero', 1, 'alejandro.lopez59@hotmail.com', '739920116', '2017-11-02', 19),
(141, '20000141P', 'Laura', 'Mora Torres', 'Enfermero', 0, 'laura.mora55@yahoo.es', '948869461', '2004-11-25', 19),
(142, '20000142D', 'Marco', 'Ortiz Ruiz', 'Enfermero', 0, 'marco.ortiz96@outlook.com', '940270116', '2023-07-19', 14),
(143, '20000143X', 'Claudia', 'Moreno Ríos', 'Doctor', 0, 'claudia.moreno48@hotmail.com', '923728179', '2009-07-14', 6),
(144, '20000144B', 'David', 'Sánchez Díaz', 'Doctor', 1, 'david.sanchez53@outlook.com', '991214161', '2012-05-31', 3),
(145, '20000145N', 'Rosa', 'López Ramos', 'Personal no médico', 1, 'rosa.lopez87@gmail.com', '604090138', '2000-04-28', 13),
(146, '20000146J', 'Diego', 'Mora Serrano', 'Personal no médico', 1, 'diego.mora97@yahoo.es', '965555356', '2016-12-22', 20),
(147, '20000147Z', 'Ana', 'Ortiz Castro', 'Doctor', 1, 'ana.ortiz59@outlook.com', '920918435', '2020-04-09', 20),
(148, '20000148S', 'Raúl', 'Delgado Nieto', 'Enfermero', 0, 'raul.delgado1@yahoo.es', '650573976', '2003-08-26', 12),
(149, '20000149Q', 'Natalia', 'Delgado González', 'Enfermero', 1, 'natalia.delgado78@hotmail.com', '928980271', '2013-07-08', 18),
(150, '20000150V', 'Rafael', 'Hernández Vega', 'Doctor', 1, 'rafael.hernandez85@telefonica.net', '633211602', '2014-08-24', 13);

-- --------------------------------------------------------

--
-- Estructura de tabla para la tabla `personalnomedico`
--

DROP TABLE IF EXISTS `personalnomedico`;
CREATE TABLE IF NOT EXISTS `personalnomedico` (
  `idPersonal` int(11) NOT NULL,
  `puesto` varchar(50) NOT NULL,
  PRIMARY KEY (`idPersonal`)
) ENGINE=InnoDB DEFAULT CHARSET=utf8mb4 COLLATE=utf8mb4_spanish_ci;

--
-- Truncar tablas antes de insertar `personalnomedico`
--

TRUNCATE TABLE `personalnomedico`;
--
-- Volcado de datos para la tabla `personalnomedico`
--

INSERT INTO `personalnomedico` (`idPersonal`, `puesto`) VALUES
(17, 'Limpieza'),
(18, 'Técnico/a de laboratorio'),
(19, 'Cocina'),
(23, 'Recepcionista'),
(45, 'Celador/a'),
(46, 'Seguridad'),
(48, 'Limpieza'),
(59, 'Limpieza'),
(64, 'Recepcionista'),
(65, 'Técnico/a de laboratorio'),
(69, 'Recepcionista'),
(74, 'Informático/a'),
(78, 'Celador/a'),
(84, 'Limpieza'),
(90, 'Recepcionista'),
(95, 'Técnico/a de laboratorio'),
(108, 'Seguridad'),
(114, 'Técnico/a de radiología'),
(115, 'Celador/a'),
(119, 'Limpieza');

-- --------------------------------------------------------

--
-- Estructura de tabla para la tabla `tratamiento`
--

DROP TABLE IF EXISTS `tratamiento`;
CREATE TABLE IF NOT EXISTS `tratamiento` (
  `idTratamiento` int(11) NOT NULL AUTO_INCREMENT,
  `via` varchar(50) NOT NULL,
  `frecuencia` varchar(50) NOT NULL,
  `unidad` varchar(30) NOT NULL,
  `dosis` double NOT NULL,
  `nombre` varchar(100) NOT NULL,
  `fInicio` date NOT NULL,
  `fFin` date DEFAULT NULL,
  `idEpisodio` int(11) NOT NULL,
  PRIMARY KEY (`idTratamiento`),
  KEY `fk_tratamiento_episodio` (`idEpisodio`)
) ENGINE=InnoDB AUTO_INCREMENT=401 DEFAULT CHARSET=utf8mb4 COLLATE=utf8mb4_spanish_ci;

--
-- Truncar tablas antes de insertar `tratamiento`
--

TRUNCATE TABLE `tratamiento`;
--
-- Volcado de datos para la tabla `tratamiento`
--

INSERT INTO `tratamiento` (`idTratamiento`, `via`, `frecuencia`, `unidad`, `dosis`, `nombre`, `fInicio`, `fFin`, `idEpisodio`) VALUES
(1, 'Subcutánea', 'Cada 24 horas', 'cápsulas', 265.2, 'Losartán', '2023-12-17', NULL, 112),
(2, 'Intravenosa', 'Dos veces al día', 'mcg', 274.33, 'Lorazepam', '2023-03-09', '2023-03-21', 210),
(3, 'Intravenosa', 'En ayunas', 'mg', 271.64, 'Clopidogrel', '2021-03-15', '2021-03-21', 154),
(4, 'Intramuscular', 'Cada 24 horas', 'cápsulas', 192.45, 'Azitromicina', '2021-08-06', '2021-08-07', 222),
(5, 'Subcutánea', 'Cada 24 horas', 'g', 491.82, 'Fluoxetina', '2020-02-25', '2020-03-08', 289),
(6, 'Intravenosa', 'Tres veces al día', 'g', 234.56, 'Warfarina', '2022-11-13', '2022-12-03', 379),
(7, 'Tópica', 'Cada 8 horas', 'cápsulas', 48.98, 'Amoxicilina', '2020-11-08', NULL, 44),
(8, 'Sublingual', 'Cada 8 horas', 'g', 426.37, 'Furosemida', '2023-05-14', '2023-05-23', 183),
(9, 'Sublingual', 'Cada 12 horas', 'g', 311.8, 'Furosemida', '2021-02-18', '2021-03-01', 299),
(10, 'Intramuscular', 'Una vez al día', 'mg', 401.27, 'Metformina', '2021-02-27', '2021-03-25', 78),
(11, 'Intravenosa', 'En ayunas', 'cápsulas', 491.66, 'Sertralina', '2023-02-03', '2023-02-10', 128),
(12, 'Oral', 'Cada 8 horas', 'ml', 440.18, 'Ranitidina', '2020-07-12', NULL, 195),
(13, 'Oral', 'Dos veces al día', 'mcg', 292.65, 'Metformina', '2024-01-22', '2024-02-27', 230),
(14, 'Intramuscular', 'Dos veces al día', 'mg', 443.3, 'Amoxicilina', '2021-07-02', '2021-07-27', 91),
(15, 'Intravenosa', 'Cada 12 horas', 'comprimidos', 480.23, 'Enalapril', '2020-02-21', NULL, 325),
(16, 'Sublingual', 'Cada 12 horas', 'g', 301.6, 'Tramadol', '2023-12-03', '2023-12-29', 254),
(17, 'Intravenosa', 'Dos veces al día', 'comprimidos', 126.73, 'Azitromicina', '2022-08-31', '2022-09-03', 144),
(18, 'Intramuscular', 'Cada 24 horas', 'mg', 324.88, 'Sertralina', '2021-03-15', '2021-03-25', 157),
(19, 'Oral', 'Una vez al día', 'cápsulas', 497.55, 'Fluoxetina', '2020-09-12', NULL, 235),
(20, 'Tópica', 'Cada 8 horas', 'ml', 436.08, 'Dexametasona', '2020-08-22', '2020-08-24', 320),
(21, 'Subcutánea', 'Cada 6 horas', 'mcg', 190.32, 'Paracetamol', '2021-05-01', NULL, 356),
(22, 'Subcutánea', 'Dos veces al día', 'g', 401.67, 'Warfarina', '2023-08-19', '2023-08-24', 218),
(23, 'Inhalatoria', 'Una vez al día', 'UI', 96.86, 'Metoprolol', '2023-05-31', '2023-06-05', 137),
(24, 'Sublingual', 'Dos veces al día', 'comprimidos', 254.64, 'Omeprazol', '2024-02-16', '2024-02-19', 12),
(25, 'Oral', 'Cada 24 horas', 'g', 32.95, 'Prednisona', '2022-12-04', '2022-12-04', 122),
(26, 'Inhalatoria', 'Dos veces al día', 'comprimidos', 454.5, 'Amoxicilina', '2020-11-03', '2020-12-02', 80),
(27, 'Inhalatoria', 'Dos veces al día', 'comprimidos', 332.64, 'Insulina glargina', '2022-09-15', '2022-09-17', 63),
(28, 'Intravenosa', 'Cada 12 horas', 'cápsulas', 475.72, 'Ibuprofeno', '2021-08-10', NULL, 222),
(29, 'Oral', 'Cada 12 horas', 'mcg', 160.54, 'Azitromicina', '2023-11-11', '2023-12-12', 99),
(30, 'Tópica', 'Cada 24 horas', 'mcg', 144.39, 'Fluoxetina', '2020-10-17', '2020-10-17', 304),
(31, 'Oral', 'Cada 24 horas', 'ml', 132, 'Heparina', '2022-06-04', '2022-06-11', 278),
(32, 'Inhalatoria', 'Cada 12 horas', 'ml', 93.93, 'Furosemida', '2024-02-11', NULL, 388),
(33, 'Inhalatoria', 'Una vez al día', 'UI', 206.43, 'Salbutamol', '2021-10-05', '2021-10-27', 147),
(34, 'Inhalatoria', 'Cada 6 horas', 'UI', 3.99, 'Heparina', '2022-03-27', NULL, 350),
(35, 'Intravenosa', 'Cada 12 horas', 'mg', 31.86, 'Amlodipino', '2022-11-03', '2022-11-30', 376),
(36, 'Oral', 'En ayunas', 'mg', 488.6, 'Fluoxetina', '2024-02-06', '2024-02-28', 46),
(37, 'Inhalatoria', 'Cada 12 horas', 'UI', 131.59, 'Morfina', '2024-01-23', '2024-02-22', 164),
(38, 'Intramuscular', 'En ayunas', 'g', 381.82, 'Furosemida', '2020-06-30', NULL, 280),
(39, 'Tópica', 'Cada 24 horas', 'mg', 345.59, 'Levotiroxina', '2020-01-30', '2020-02-24', 239),
(40, 'Subcutánea', 'En ayunas', 'mcg', 76.77, 'Alprazolam', '2024-01-02', '2024-01-03', 385),
(41, 'Sublingual', 'Dos veces al día', 'mcg', 494.89, 'Salbutamol', '2024-01-22', '2024-02-16', 77),
(42, 'Sublingual', 'Cada 24 horas', 'ml', 296.67, 'Metformina', '2023-12-12', NULL, 112),
(43, 'Subcutánea', 'Cada 24 horas', 'g', 168.99, 'Ibuprofeno', '2021-02-28', NULL, 255),
(44, 'Sublingual', 'Una vez al día', 'ml', 95.38, 'Insulina glargina', '2020-02-08', '2020-02-18', 371),
(45, 'Subcutánea', 'Cada 8 horas', 'g', 480.74, 'Amoxicilina', '2022-04-17', '2022-04-21', 166),
(46, 'Intravenosa', 'En ayunas', 'comprimidos', 108.59, 'Ranitidina', '2020-07-16', '2020-08-05', 7),
(47, 'Intramuscular', 'Tres veces al día', 'UI', 61.36, 'Atorvastatina', '2023-04-03', '2023-04-28', 272),
(48, 'Inhalatoria', 'Cada 24 horas', 'g', 282.88, 'Ranitidina', '2022-01-16', '2022-01-23', 33),
(49, 'Intravenosa', 'Dos veces al día', 'cápsulas', 117.1, 'Warfarina', '2021-12-06', '2021-12-23', 161),
(50, 'Tópica', 'Dos veces al día', 'UI', 397.01, 'Sertralina', '2023-09-18', '2023-10-28', 100),
(51, 'Tópica', 'Cada 6 horas', 'cápsulas', 296.62, 'Losartán', '2023-02-06', '2023-02-07', 128),
(52, 'Intramuscular', 'Cada 12 horas', 'mcg', 375.22, 'Insulina glargina', '2020-11-04', '2020-11-21', 165),
(53, 'Oral', 'En ayunas', 'mcg', 388.83, 'Tramadol', '2021-08-12', '2021-09-05', 395),
(54, 'Oral', 'En ayunas', 'ml', 112.05, 'Ibuprofeno', '2023-11-29', '2023-12-08', 168),
(55, 'Sublingual', 'Una vez al día', 'g', 242.61, 'Furosemida', '2020-01-23', NULL, 310),
(56, 'Sublingual', 'Cada 6 horas', 'UI', 302.74, 'Metoprolol', '2022-11-03', '2022-11-12', 376),
(57, 'Intravenosa', 'Tres veces al día', 'mcg', 350.47, 'Warfarina', '2024-05-24', NULL, 6),
(58, 'Intravenosa', 'Una vez al día', 'mg', 14.9, 'Salbutamol', '2022-07-25', NULL, 391),
(59, 'Subcutánea', 'Cada 24 horas', 'mcg', 313.13, 'Ciprofloxacino', '2021-01-25', '2021-01-28', 81),
(60, 'Intramuscular', 'En ayunas', 'g', 99.29, 'Insulina glargina', '2020-12-16', NULL, 233),
(61, 'Intravenosa', 'Dos veces al día', 'mg', 62.4, 'Warfarina', '2023-12-01', '2023-12-06', 168),
(62, 'Sublingual', 'Tres veces al día', 'UI', 13.22, 'Levotiroxina', '2020-08-31', '2020-09-19', 331),
(63, 'Sublingual', 'Cada 8 horas', 'cápsulas', 141.81, 'Prednisona', '2024-02-14', NULL, 388),
(64, 'Tópica', 'Cada 8 horas', 'cápsulas', 358.78, 'Atorvastatina', '2021-02-25', '2021-02-27', 255),
(65, 'Oral', 'Cada 24 horas', 'cápsulas', 117.89, 'Lorazepam', '2023-03-31', '2023-04-10', 185),
(66, 'Sublingual', 'Cada 12 horas', 'mcg', 200.58, 'Paracetamol', '2023-08-04', '2023-08-26', 269),
(67, 'Intravenosa', 'Cada 12 horas', 'comprimidos', 104.02, 'Metformina', '2024-01-27', NULL, 60),
(68, 'Oral', 'Cada 8 horas', 'mg', 321.63, 'Sertralina', '2022-08-23', NULL, 116),
(69, 'Intravenosa', 'Cada 6 horas', 'ml', 477.23, 'Atorvastatina', '2023-12-07', '2024-01-16', 257),
(70, 'Inhalatoria', 'Tres veces al día', 'mg', 255.37, 'Metoprolol', '2023-03-24', '2023-04-19', 253),
(71, 'Tópica', 'Cada 12 horas', 'mg', 100.46, 'Paracetamol', '2020-06-21', '2020-06-23', 107),
(72, 'Inhalatoria', 'Cada 12 horas', 'UI', 440.88, 'Azitromicina', '2024-01-31', NULL, 85),
(73, 'Tópica', 'Cada 8 horas', 'cápsulas', 372.25, 'Metoprolol', '2023-06-04', '2023-06-09', 137),
(74, 'Sublingual', 'Cada 6 horas', 'comprimidos', 304.01, 'Furosemida', '2020-11-02', '2020-11-05', 101),
(75, 'Inhalatoria', 'Una vez al día', 'mcg', 14.89, 'Insulina glargina', '2023-06-10', '2023-06-16', 334),
(76, 'Intravenosa', 'Cada 12 horas', 'mg', 194.03, 'Omeprazol', '2020-10-21', NULL, 381),
(77, 'Tópica', 'Una vez al día', 'comprimidos', 345.03, 'Enalapril', '2020-10-19', '2020-10-24', 304),
(78, 'Inhalatoria', 'Cada 6 horas', 'UI', 445.16, 'Morfina', '2021-10-07', '2021-10-07', 130),
(79, 'Intravenosa', 'Cada 24 horas', 'comprimidos', 167.3, 'Ranitidina', '2021-05-31', '2021-06-25', 369),
(80, 'Tópica', 'Cada 24 horas', 'mcg', 240.35, 'Insulina glargina', '2021-10-09', '2021-10-11', 147),
(81, 'Tópica', 'Cada 12 horas', 'mg', 426.41, 'Insulina glargina', '2021-09-04', '2021-09-06', 26),
(82, 'Subcutánea', 'Tres veces al día', 'cápsulas', 284.27, 'Metformina', '2022-09-08', '2022-09-20', 50),
(83, 'Subcutánea', 'Dos veces al día', 'mg', 140.35, 'Salbutamol', '2024-02-17', '2024-02-24', 12),
(84, 'Intramuscular', 'Cada 24 horas', 'g', 228.74, 'Dexametasona', '2023-07-27', '2023-09-08', 105),
(85, 'Sublingual', 'Cada 8 horas', 'mcg', 87.7, 'Omeprazol', '2023-12-11', NULL, 45),
(86, 'Sublingual', 'Una vez al día', 'g', 11.77, 'Prednisona', '2021-06-30', '2021-07-03', 246),
(87, 'Oral', 'Tres veces al día', 'cápsulas', 189.02, 'Paracetamol', '2021-02-28', '2021-03-05', 255),
(88, 'Oral', 'Cada 8 horas', 'cápsulas', 31.97, 'Lorazepam', '2022-09-01', NULL, 144),
(89, 'Subcutánea', 'Cada 6 horas', 'comprimidos', 134.01, 'Fluoxetina', '2022-10-16', NULL, 140),
(90, 'Subcutánea', 'Cada 8 horas', 'cápsulas', 22.54, 'Prednisona', '2022-12-20', '2023-01-03', 223),
(91, 'Inhalatoria', 'Cada 8 horas', 'g', 182.34, 'Insulina glargina', '2023-07-14', '2023-07-24', 189),
(92, 'Intramuscular', 'Dos veces al día', 'cápsulas', 275.74, 'Atorvastatina', '2020-11-09', '2020-11-14', 165),
(93, 'Tópica', 'Tres veces al día', 'g', 234.01, 'Amlodipino', '2021-04-18', NULL, 393),
(94, 'Inhalatoria', 'En ayunas', 'cápsulas', 271.36, 'Amlodipino', '2021-08-05', '2021-08-13', 222),
(95, 'Intramuscular', 'Dos veces al día', 'cápsulas', 233.54, 'Lorazepam', '2023-05-04', NULL, 277),
(96, 'Oral', 'Dos veces al día', 'UI', 459.19, 'Salbutamol', '2020-05-01', '2020-05-11', 75),
(97, 'Sublingual', 'Cada 24 horas', 'comprimidos', 396.24, 'Morfina', '2021-04-20', NULL, 355),
(98, 'Subcutánea', 'Cada 12 horas', 'UI', 272.23, 'Azitromicina', '2022-10-07', NULL, 54),
(99, 'Tópica', 'Cada 24 horas', 'cápsulas', 113.78, 'Sertralina', '2024-04-18', NULL, 172),
(100, 'Inhalatoria', 'Dos veces al día', 'UI', 468.5, 'Azitromicina', '2024-02-14', NULL, 337),
(101, 'Intramuscular', 'Tres veces al día', 'cápsulas', 375.91, 'Omeprazol', '2022-08-25', '2022-09-05', 116),
(102, 'Sublingual', 'Cada 6 horas', 'cápsulas', 0.8, 'Tramadol', '2023-09-26', '2023-09-30', 259),
(103, 'Intravenosa', 'Tres veces al día', 'g', 412.7, 'Ciprofloxacino', '2023-10-29', '2023-10-29', 327),
(104, 'Oral', 'Cada 8 horas', 'g', 60.98, 'Metformina', '2022-08-25', NULL, 398),
(105, 'Intramuscular', 'En ayunas', 'mg', 211.25, 'Amlodipino', '2020-05-27', NULL, 339),
(106, 'Tópica', 'Una vez al día', 'g', 194.18, 'Enalapril', '2023-05-19', '2023-05-21', 156),
(107, 'Inhalatoria', 'En ayunas', 'mg', 250.25, 'Amlodipino', '2023-07-25', '2023-09-14', 16),
(108, 'Subcutánea', 'Cada 12 horas', 'mcg', 344.45, 'Insulina glargina', '2022-02-11', '2022-02-14', 180),
(109, 'Oral', 'En ayunas', 'comprimidos', 452.98, 'Ranitidina', '2021-10-10', NULL, 130),
(110, 'Intravenosa', 'Cada 12 horas', 'mcg', 190.24, 'Furosemida', '2023-11-23', '2023-11-25', 124),
(111, 'Intramuscular', 'En ayunas', 'ml', 307.05, 'Omeprazol', '2024-05-27', NULL, 6),
(112, 'Sublingual', 'Cada 8 horas', 'UI', 222.49, 'Azitromicina', '2021-04-07', NULL, 93),
(113, 'Tópica', 'Tres veces al día', 'comprimidos', 462.53, 'Salbutamol', '2020-02-05', NULL, 371),
(114, 'Oral', 'En ayunas', 'ml', 451.18, 'Metoprolol', '2021-05-17', NULL, 84),
(115, 'Intramuscular', 'Tres veces al día', 'mg', 343.56, 'Morfina', '2020-08-09', '2020-08-09', 40),
(116, 'Subcutánea', 'Cada 24 horas', 'comprimidos', 188.67, 'Metoprolol', '2021-12-25', '2022-01-31', 94),
(117, 'Sublingual', 'En ayunas', 'ml', 357.06, 'Tramadol', '2021-04-04', NULL, 359),
(118, 'Intravenosa', 'Cada 24 horas', 'cápsulas', 489.41, 'Insulina glargina', '2020-02-24', '2020-03-20', 289),
(119, 'Inhalatoria', 'Tres veces al día', 'mg', 354.35, 'Heparina', '2021-04-28', '2021-05-04', 356),
(120, 'Subcutánea', 'Cada 8 horas', 'g', 218.43, 'Sertralina', '2024-01-06', NULL, 217),
(121, 'Intramuscular', 'Dos veces al día', 'mcg', 200.96, 'Dexametasona', '2020-04-22', NULL, 125),
(122, 'Intravenosa', 'Cada 12 horas', 'UI', 93.8, 'Enalapril', '2021-10-28', '2021-11-14', 229),
(123, 'Intramuscular', 'En ayunas', 'mg', 485.45, 'Fluoxetina', '2024-01-08', '2024-01-10', 95),
(124, 'Intravenosa', 'Cada 6 horas', 'ml', 150.52, 'Alprazolam', '2021-09-19', NULL, 360),
(125, 'Oral', 'Cada 8 horas', 'mg', 262.52, 'Aspirina', '2020-09-08', NULL, 300),
(126, 'Sublingual', 'Cada 24 horas', 'g', 460.41, 'Warfarina', '2021-07-01', NULL, 246),
(127, 'Subcutánea', 'En ayunas', 'mcg', 107.45, 'Metformina', '2023-05-31', '2023-06-04', 199),
(128, 'Intravenosa', 'Cada 24 horas', 'comprimidos', 255.18, 'Warfarina', '2021-08-23', '2021-08-25', 390),
(129, 'Intravenosa', 'Tres veces al día', 'comprimidos', 313, 'Losartán', '2020-11-09', NULL, 135),
(130, 'Subcutánea', 'Cada 8 horas', 'comprimidos', 160.58, 'Simvastatina', '2023-07-26', '2023-08-07', 15),
(131, 'Subcutánea', 'Cada 6 horas', 'cápsulas', 453.8, 'Ranitidina', '2020-09-26', '2020-11-05', 315),
(132, 'Intravenosa', 'Cada 6 horas', 'UI', 260.87, 'Ranitidina', '2023-03-25', '2023-03-28', 396),
(133, 'Oral', 'Cada 12 horas', 'cápsulas', 445.88, 'Atorvastatina', '2023-03-30', NULL, 396),
(134, 'Intramuscular', 'Tres veces al día', 'g', 232.52, 'Tramadol', '2020-07-04', '2020-07-24', 175),
(135, 'Intramuscular', 'En ayunas', 'UI', 244.15, 'Lorazepam', '2021-07-05', '2021-08-12', 353),
(136, 'Tópica', 'Cada 24 horas', 'mcg', 168.87, 'Sertralina', '2023-05-03', '2023-06-12', 251),
(137, 'Oral', 'Una vez al día', 'cápsulas', 134.47, 'Aspirina', '2020-04-01', '2020-04-11', 148),
(138, 'Intravenosa', 'Cada 6 horas', 'g', 486.18, 'Enalapril', '2024-04-19', '2024-04-27', 172),
(139, 'Tópica', 'Tres veces al día', 'cápsulas', 329.73, 'Lorazepam', '2022-08-25', '2022-09-12', 314),
(140, 'Intravenosa', 'Dos veces al día', 'cápsulas', 271.62, 'Furosemida', '2023-07-30', '2023-07-31', 105),
(141, 'Inhalatoria', 'Una vez al día', 'cápsulas', 123.89, 'Insulina glargina', '2020-02-21', NULL, 325),
(142, 'Inhalatoria', 'En ayunas', 'g', 123.19, 'Ranitidina', '2021-11-24', '2021-12-15', 368),
(143, 'Intravenosa', 'Una vez al día', 'UI', 36.49, 'Omeprazol', '2020-06-22', '2020-06-22', 193),
(144, 'Intravenosa', 'Una vez al día', 'mcg', 227.65, 'Ciprofloxacino', '2021-02-17', '2021-02-23', 299),
(145, 'Intramuscular', 'Cada 8 horas', 'mcg', 314.24, 'Ranitidina', '2022-09-02', '2022-09-12', 305),
(146, 'Oral', 'Cada 24 horas', 'ml', 61.9, 'Lorazepam', '2022-08-06', '2022-08-09', 28),
(147, 'Tópica', 'Una vez al día', 'ml', 392.04, 'Dexametasona', '2020-10-25', '2020-10-30', 381),
(148, 'Tópica', 'Cada 8 horas', 'mg', 56.16, 'Insulina glargina', '2021-05-30', NULL, 369),
(149, 'Intravenosa', 'Cada 6 horas', 'ml', 309.35, 'Prednisona', '2024-01-01', '2024-01-08', 385),
(150, 'Intravenosa', 'Cada 8 horas', 'UI', 292.27, 'Lorazepam', '2022-05-20', '2022-06-13', 113),
(151, 'Intravenosa', 'Cada 8 horas', 'ml', 46.04, 'Alprazolam', '2020-09-24', '2020-09-25', 315),
(152, 'Intravenosa', 'Tres veces al día', 'ml', 121.39, 'Insulina glargina', '2024-01-29', '2024-02-01', 85),
(153, 'Oral', 'Cada 6 horas', 'cápsulas', 154.59, 'Prednisona', '2023-03-04', '2023-03-07', 308),
(154, 'Sublingual', 'Cada 12 horas', 'mcg', 356.36, 'Clopidogrel', '2024-01-24', '2024-03-03', 77),
(155, 'Sublingual', 'Tres veces al día', 'mg', 270.86, 'Aspirina', '2023-02-04', '2023-03-09', 106),
(156, 'Intramuscular', 'Dos veces al día', 'mg', 249.77, 'Insulina glargina', '2023-05-30', '2023-06-03', 199),
(157, 'Inhalatoria', 'Cada 12 horas', 'UI', 418.55, 'Fluoxetina', '2022-07-30', '2022-08-05', 194),
(158, 'Intramuscular', 'Dos veces al día', 'mcg', 137.43, 'Sertralina', '2020-11-13', '2020-12-13', 149),
(159, 'Oral', 'Cada 6 horas', 'cápsulas', 348.94, 'Clopidogrel', '2024-03-07', '2024-03-18', 366),
(160, 'Subcutánea', 'Cada 8 horas', 'mcg', 218.43, 'Clopidogrel', '2023-08-16', '2023-08-23', 218),
(161, 'Intramuscular', 'Dos veces al día', 'g', 239.53, 'Metformina', '2022-05-23', '2022-06-25', 113),
(162, 'Sublingual', 'Cada 6 horas', 'comprimidos', 18.63, 'Simvastatina', '2020-08-30', '2020-09-01', 187),
(163, 'Oral', 'Cada 8 horas', 'g', 40.09, 'Dexametasona', '2024-03-22', NULL, 131),
(164, 'Intravenosa', 'Tres veces al día', 'g', 435.57, 'Metformina', '2020-11-18', '2020-11-22', 118),
(165, 'Intravenosa', 'Cada 12 horas', 'UI', 26.55, 'Salbutamol', '2022-01-31', NULL, 380),
(166, 'Subcutánea', 'Tres veces al día', 'ml', 118.5, 'Tramadol', '2020-11-04', '2020-11-05', 101),
(167, 'Intramuscular', 'Cada 24 horas', 'UI', 62.51, 'Clopidogrel', '2023-11-02', '2023-11-10', 284),
(168, 'Intravenosa', 'Cada 6 horas', 'comprimidos', 4.87, 'Warfarina', '2020-01-22', '2020-01-26', 88),
(169, 'Tópica', 'Cada 8 horas', 'mcg', 67.91, 'Paracetamol', '2023-12-23', '2024-01-03', 241),
(170, 'Tópica', 'Una vez al día', 'mcg', 123.27, 'Metformina', '2022-03-05', '2022-03-15', 364),
(171, 'Tópica', 'Cada 8 horas', 'mg', 491.44, 'Atorvastatina', '2023-11-30', '2023-12-31', 1),
(172, 'Inhalatoria', 'Tres veces al día', 'UI', 270.96, 'Simvastatina', '2023-08-04', '2023-08-26', 269),
(173, 'Sublingual', 'Tres veces al día', 'comprimidos', 126.09, 'Dexametasona', '2023-06-30', '2023-07-08', 209),
(174, 'Sublingual', 'Cada 8 horas', 'ml', 37.17, 'Amlodipino', '2021-11-04', '2021-11-16', 153),
(175, 'Subcutánea', 'Una vez al día', 'g', 12.43, 'Ranitidina', '2024-05-27', NULL, 102),
(176, 'Sublingual', 'Cada 24 horas', 'mcg', 432.67, 'Tramadol', '2022-08-30', NULL, 389),
(177, 'Sublingual', 'Una vez al día', 'mcg', 122.62, 'Ibuprofeno', '2024-01-22', NULL, 117),
(178, 'Subcutánea', 'En ayunas', 'cápsulas', 232.87, 'Heparina', '2023-07-30', NULL, 105),
(179, 'Oral', 'Cada 6 horas', 'ml', 448.57, 'Dexametasona', '2021-10-19', '2021-11-02', 52),
(180, 'Subcutánea', 'Tres veces al día', 'mg', 299.32, 'Amlodipino', '2020-07-27', '2020-09-19', 263),
(181, 'Subcutánea', 'Cada 12 horas', 'g', 166.06, 'Metoprolol', '2023-10-24', NULL, 260),
(182, 'Oral', 'Cada 24 horas', 'cápsulas', 355.7, 'Aspirina', '2020-06-22', '2020-07-25', 31),
(183, 'Intramuscular', 'Cada 8 horas', 'mcg', 202, 'Tramadol', '2022-08-27', '2022-09-05', 314),
(184, 'Intramuscular', 'Cada 8 horas', 'comprimidos', 258.74, 'Omeprazol', '2021-10-14', '2021-10-16', 225),
(185, 'Inhalatoria', 'Cada 12 horas', 'ml', 466.51, 'Simvastatina', '2021-09-15', '2021-10-31', 170),
(186, 'Inhalatoria', 'Una vez al día', 'ml', 71.53, 'Dexametasona', '2020-10-31', '2020-11-12', 101),
(187, 'Intravenosa', 'Cada 8 horas', 'mg', 151.8, 'Atorvastatina', '2023-09-20', '2023-10-15', 100),
(188, 'Sublingual', 'Cada 24 horas', 'mcg', 273.75, 'Aspirina', '2020-06-27', '2020-07-10', 108),
(189, 'Oral', 'Una vez al día', 'cápsulas', 241.59, 'Amoxicilina', '2022-05-22', '2022-06-01', 113),
(190, 'Subcutánea', 'Cada 12 horas', 'mg', 334.87, 'Tramadol', '2024-03-23', '2024-04-07', 176),
(191, 'Intramuscular', 'Dos veces al día', 'cápsulas', 332.64, 'Azitromicina', '2020-11-04', '2020-12-11', 80),
(192, 'Tópica', 'Una vez al día', 'comprimidos', 297.13, 'Heparina', '2020-06-09', '2020-06-24', 126),
(193, 'Intramuscular', 'Dos veces al día', 'UI', 150.63, 'Alprazolam', '2022-09-26', '2022-10-04', 208),
(194, 'Oral', 'Cada 24 horas', 'UI', 112.2, 'Tramadol', '2022-05-20', '2022-05-21', 113),
(195, 'Inhalatoria', 'Dos veces al día', 'mcg', 371.39, 'Levotiroxina', '2021-08-25', NULL, 291),
(196, 'Intravenosa', 'Cada 24 horas', 'UI', 240.85, 'Dexametasona', '2020-09-22', '2020-09-25', 340),
(197, 'Subcutánea', 'Tres veces al día', 'comprimidos', 216.37, 'Levotiroxina', '2021-01-19', '2021-01-22', 243),
(198, 'Intramuscular', 'Cada 6 horas', 'mcg', 439.61, 'Ranitidina', '2020-03-05', NULL, 203),
(199, 'Subcutánea', 'Cada 6 horas', 'g', 122, 'Tramadol', '2024-01-30', NULL, 85),
(200, 'Intramuscular', 'Tres veces al día', 'comprimidos', 41.9, 'Amoxicilina', '2022-09-27', NULL, 43),
(201, 'Tópica', 'Tres veces al día', 'mcg', 448.34, 'Dexametasona', '2023-06-07', NULL, 358),
(202, 'Oral', 'Cada 8 horas', 'mcg', 89.2, 'Atorvastatina', '2021-04-03', '2021-05-17', 150),
(203, 'Intramuscular', 'Cada 12 horas', 'mg', 83.03, 'Metoprolol', '2021-09-10', NULL, 170),
(204, 'Tópica', 'Cada 12 horas', 'mg', 307.37, 'Morfina', '2023-11-09', '2023-12-10', 99),
(205, 'Oral', 'Una vez al día', 'UI', 146.07, 'Morfina', '2022-12-15', '2022-12-19', 270),
(206, 'Oral', 'En ayunas', 'UI', 426.27, 'Metformina', '2020-06-14', '2020-06-28', 330),
(207, 'Inhalatoria', 'Una vez al día', 'mg', 197, 'Furosemida', '2023-08-25', '2023-09-22', 341),
(208, 'Intramuscular', 'Una vez al día', 'g', 326.92, 'Morfina', '2021-05-30', '2021-06-08', 206),
(209, 'Inhalatoria', 'Dos veces al día', 'ml', 120.72, 'Atorvastatina', '2023-06-01', NULL, 361),
(210, 'Oral', 'Cada 12 horas', 'ml', 54.28, 'Clopidogrel', '2021-01-25', '2021-02-04', 65),
(211, 'Inhalatoria', 'Dos veces al día', 'UI', 120.01, 'Ranitidina', '2022-12-19', NULL, 223),
(212, 'Inhalatoria', 'Una vez al día', 'cápsulas', 105.28, 'Ranitidina', '2021-06-18', '2021-06-24', 336),
(213, 'Intramuscular', 'Cada 12 horas', 'mg', 16.17, 'Warfarina', '2021-10-09', NULL, 130),
(214, 'Subcutánea', 'En ayunas', 'cápsulas', 483.29, 'Tramadol', '2022-03-07', '2022-03-27', 364),
(215, 'Inhalatoria', 'Tres veces al día', 'cápsulas', 157.74, 'Dexametasona', '2024-01-03', '2024-01-03', 385),
(216, 'Sublingual', 'Cada 24 horas', 'g', 208.19, 'Ranitidina', '2024-04-16', NULL, 172),
(217, 'Intravenosa', 'Cada 6 horas', 'UI', 302.16, 'Aspirina', '2024-04-25', NULL, 104),
(218, 'Oral', 'Cada 8 horas', 'cápsulas', 180.68, 'Furosemida', '2020-09-24', '2020-10-01', 315),
(219, 'Sublingual', 'Cada 6 horas', 'ml', 74.33, 'Fluoxetina', '2020-06-03', '2020-06-19', 338),
(220, 'Subcutánea', 'Cada 6 horas', 'mcg', 384.97, 'Alprazolam', '2022-05-23', '2022-06-27', 21),
(221, 'Intramuscular', 'En ayunas', 'mg', 142.6, 'Ibuprofeno', '2023-07-03', '2023-07-07', 209),
(222, 'Subcutánea', 'Tres veces al día', 'mcg', 457.1, 'Insulina glargina', '2020-04-22', '2020-05-29', 293),
(223, 'Intravenosa', 'En ayunas', 'g', 150.49, 'Salbutamol', '2023-06-17', '2023-07-03', 20),
(224, 'Subcutánea', 'Una vez al día', 'mg', 265.61, 'Paracetamol', '2023-05-04', NULL, 114),
(225, 'Oral', 'Tres veces al día', 'mg', 479.34, 'Tramadol', '2023-01-29', '2023-02-24', 141),
(226, 'Oral', 'Una vez al día', 'comprimidos', 300.32, 'Paracetamol', '2021-03-01', NULL, 255),
(227, 'Inhalatoria', 'Una vez al día', 'comprimidos', 58.38, 'Losartán', '2023-05-17', '2023-05-25', 200),
(228, 'Inhalatoria', 'Cada 6 horas', 'mg', 342.7, 'Amoxicilina', '2021-01-31', NULL, 169),
(229, 'Subcutánea', 'Cada 8 horas', 'mg', 65.37, 'Alprazolam', '2023-06-21', NULL, 375),
(230, 'Intramuscular', 'Una vez al día', 'mcg', 81.35, 'Levotiroxina', '2023-08-01', NULL, 105),
(231, 'Oral', 'Una vez al día', 'g', 498.94, 'Sertralina', '2020-06-19', NULL, 281),
(232, 'Intravenosa', 'Cada 12 horas', 'comprimidos', 468.58, 'Losartán', '2023-09-08', '2023-09-15', 34),
(233, 'Intramuscular', 'Cada 12 horas', 'UI', 383.12, 'Lorazepam', '2023-11-07', '2023-11-24', 274),
(234, 'Sublingual', 'Cada 12 horas', 'g', 394.61, 'Amlodipino', '2021-07-04', '2021-07-20', 91),
(235, 'Inhalatoria', 'Cada 8 horas', 'UI', 402.29, 'Tramadol', '2021-04-16', '2021-04-18', 393),
(236, 'Intramuscular', 'Cada 24 horas', 'UI', 407.7, 'Ciprofloxacino', '2023-09-20', '2023-10-30', 100),
(237, 'Intramuscular', 'Cada 8 horas', 'g', 426.83, 'Tramadol', '2024-02-13', NULL, 388),
(238, 'Tópica', 'Tres veces al día', 'ml', 84.18, 'Insulina glargina', '2023-11-01', '2023-12-15', 327),
(239, 'Oral', 'Cada 6 horas', 'comprimidos', 328.68, 'Dexametasona', '2021-12-29', '2022-01-22', 400),
(240, 'Intramuscular', 'Dos veces al día', 'ml', 450.04, 'Paracetamol', '2021-06-25', NULL, 232),
(241, 'Intramuscular', 'Cada 8 horas', 'cápsulas', 466.99, 'Salbutamol', '2021-08-06', '2021-08-08', 174),
(242, 'Sublingual', 'En ayunas', 'mg', 67.47, 'Omeprazol', '2022-09-06', '2022-09-15', 305),
(243, 'Intravenosa', 'En ayunas', 'mcg', 277.02, 'Ciprofloxacino', '2023-02-15', NULL, 372),
(244, 'Sublingual', 'Cada 8 horas', 'comprimidos', 417.7, 'Furosemida', '2020-06-10', '2020-06-19', 126),
(245, 'Oral', 'Cada 12 horas', 'mg', 469.55, 'Fluoxetina', '2020-03-26', NULL, 71),
(246, 'Subcutánea', 'Cada 24 horas', 'g', 170.3, 'Levotiroxina', '2022-10-28', '2022-11-16', 39),
(247, 'Inhalatoria', 'Una vez al día', 'mcg', 11.85, 'Metoprolol', '2023-11-28', '2023-12-06', 168),
(248, 'Tópica', 'Cada 12 horas', 'g', 57.13, 'Aspirina', '2024-05-11', '2024-05-13', 394),
(249, 'Tópica', 'Cada 6 horas', 'UI', 400.29, 'Losartán', '2021-09-06', '2021-10-11', 26),
(250, 'Sublingual', 'Cada 12 horas', 'comprimidos', 356.55, 'Dexametasona', '2024-01-13', '2024-02-01', 296),
(251, 'Oral', 'Tres veces al día', 'comprimidos', 465.43, 'Metoprolol', '2022-02-28', '2022-03-01', 216),
(252, 'Intravenosa', 'Cada 12 horas', 'mg', 474.52, 'Prednisona', '2023-05-21', '2023-05-24', 3),
(253, 'Sublingual', 'Dos veces al día', 'mcg', 271.21, 'Aspirina', '2021-10-01', '2021-11-20', 82),
(254, 'Intravenosa', 'Cada 12 horas', 'g', 84.61, 'Salbutamol', '2023-10-09', '2023-10-10', 292),
(255, 'Subcutánea', 'Cada 6 horas', 'cápsulas', 354.23, 'Metformina', '2020-04-06', '2020-04-06', 378),
(256, 'Inhalatoria', 'Una vez al día', 'UI', 397.43, 'Lorazepam', '2023-05-26', '2023-05-29', 97),
(257, 'Intravenosa', 'Tres veces al día', 'ml', 412.6, 'Metoprolol', '2020-03-08', '2020-04-03', 177),
(258, 'Tópica', 'Una vez al día', 'g', 124.89, 'Warfarina', '2021-07-20', '2021-08-27', 64),
(259, 'Subcutánea', 'Cada 8 horas', 'mg', 203.07, 'Enalapril', '2020-11-26', '2020-12-07', 383),
(260, 'Sublingual', 'Cada 12 horas', 'cápsulas', 124.77, 'Sertralina', '2022-05-21', '2022-05-23', 21),
(261, 'Inhalatoria', 'Cada 12 horas', 'cápsulas', 197.66, 'Enalapril', '2022-07-20', '2022-08-02', 142),
(262, 'Inhalatoria', 'Cada 12 horas', 'comprimidos', 348.26, 'Levotiroxina', '2023-02-06', NULL, 55),
(263, 'Intravenosa', 'Cada 24 horas', 'cápsulas', 324.16, 'Omeprazol', '2023-07-13', '2023-08-03', 189),
(264, 'Tópica', 'Una vez al día', 'mcg', 331.73, 'Warfarina', '2022-01-07', NULL, 326),
(265, 'Intramuscular', 'Cada 6 horas', 'comprimidos', 333.1, 'Fluoxetina', '2020-04-24', '2020-05-07', 125),
(266, 'Oral', 'Una vez al día', 'mg', 216.93, 'Metformina', '2020-11-14', '2020-12-02', 32),
(267, 'Intravenosa', 'Tres veces al día', 'mg', 440.71, 'Atorvastatina', '2023-10-27', NULL, 146),
(268, 'Sublingual', 'Cada 8 horas', 'mcg', 392.95, 'Azitromicina', '2023-09-10', '2023-09-30', 34),
(269, 'Intravenosa', 'En ayunas', 'ml', 344.37, 'Aspirina', '2024-03-08', NULL, 245),
(270, 'Subcutánea', 'Cada 6 horas', 'mcg', 452.45, 'Ibuprofeno', '2021-12-27', '2022-01-03', 400),
(271, 'Tópica', 'Cada 24 horas', 'mg', 134.2, 'Amlodipino', '2023-11-28', '2023-12-14', 268),
(272, 'Sublingual', 'Una vez al día', 'cápsulas', 202.16, 'Amoxicilina', '2021-08-23', NULL, 291),
(273, 'Intramuscular', 'Una vez al día', 'comprimidos', 122.52, 'Fluoxetina', '2021-09-20', '2021-10-01', 285),
(274, 'Inhalatoria', 'En ayunas', 'UI', 2.18, 'Ibuprofeno', '2023-12-02', '2023-12-20', 168),
(275, 'Intramuscular', 'Cada 8 horas', 'mcg', 97.11, 'Omeprazol', '2022-11-05', '2022-11-13', 376),
(276, 'Inhalatoria', 'Una vez al día', 'UI', 100.13, 'Simvastatina', '2023-11-05', '2023-11-08', 343),
(277, 'Subcutánea', 'En ayunas', 'UI', 98.54, 'Losartán', '2022-07-09', '2022-07-24', 167),
(278, 'Sublingual', 'Cada 6 horas', 'UI', 167.05, 'Losartán', '2020-02-17', NULL, 221),
(279, 'Oral', 'Cada 12 horas', 'UI', 448.01, 'Losartán', '2020-03-10', NULL, 211),
(280, 'Subcutánea', 'Cada 12 horas', 'mg', 340.64, 'Ciprofloxacino', '2023-06-13', NULL, 226),
(281, 'Inhalatoria', 'Cada 6 horas', 'ml', 185.75, 'Paracetamol', '2021-12-29', '2022-01-01', 132),
(282, 'Intramuscular', 'En ayunas', 'ml', 47.19, 'Dexametasona', '2022-12-08', NULL, 122),
(283, 'Sublingual', 'Una vez al día', 'comprimidos', 299.36, 'Alprazolam', '2021-02-05', NULL, 323),
(284, 'Inhalatoria', 'Una vez al día', 'UI', 83.94, 'Lorazepam', '2020-03-15', NULL, 357),
(285, 'Sublingual', 'En ayunas', 'comprimidos', 496.13, 'Tramadol', '2020-03-12', NULL, 211),
(286, 'Tópica', 'Cada 6 horas', 'UI', 139.2, 'Levotiroxina', '2020-03-12', '2020-04-09', 357),
(287, 'Tópica', 'Cada 24 horas', 'mg', 369.58, 'Salbutamol', '2020-04-21', '2020-04-26', 293),
(288, 'Sublingual', 'Cada 24 horas', 'ml', 368.87, 'Alprazolam', '2021-08-31', '2021-09-04', 92),
(289, 'Intramuscular', 'En ayunas', 'mg', 331, 'Losartán', '2020-07-17', NULL, 317),
(290, 'Inhalatoria', 'Cada 6 horas', 'g', 313.75, 'Heparina', '2021-08-25', '2021-08-29', 390),
(291, 'Inhalatoria', 'Cada 12 horas', 'comprimidos', 450.63, 'Ranitidina', '2022-07-29', NULL, 194),
(292, 'Oral', 'Cada 24 horas', 'cápsulas', 421.53, 'Levotiroxina', '2024-05-13', '2024-05-15', 56),
(293, 'Intravenosa', 'Tres veces al día', 'mg', 217.59, 'Sertralina', '2020-08-15', '2020-09-19', 86),
(294, 'Inhalatoria', 'Dos veces al día', 'mcg', 79.12, 'Insulina glargina', '2023-03-11', '2023-04-07', 273),
(295, 'Intravenosa', 'En ayunas', 'g', 158.21, 'Insulina glargina', '2021-08-31', '2021-09-01', 110),
(296, 'Intravenosa', 'Tres veces al día', 'g', 188.08, 'Ciprofloxacino', '2020-01-27', '2020-01-29', 239),
(297, 'Oral', 'Cada 6 horas', 'cápsulas', 350.28, 'Warfarina', '2020-03-29', '2020-05-05', 58),
(298, 'Inhalatoria', 'Cada 24 horas', 'mg', 259.22, 'Ciprofloxacino', '2024-03-19', NULL, 119),
(299, 'Oral', 'Cada 12 horas', 'ml', 269.73, 'Amoxicilina', '2021-08-07', '2021-08-15', 174),
(300, 'Intramuscular', 'Cada 24 horas', 'comprimidos', 89.57, 'Levotiroxina', '2020-04-13', NULL, 252),
(301, 'Sublingual', 'Cada 6 horas', 'cápsulas', 318.31, 'Azitromicina', '2021-06-12', '2021-07-05', 76),
(302, 'Inhalatoria', 'Cada 12 horas', 'cápsulas', 380.19, 'Clopidogrel', '2024-02-02', NULL, 85),
(303, 'Sublingual', 'Dos veces al día', 'mg', 17.04, 'Ibuprofeno', '2021-12-26', '2021-12-27', 400),
(304, 'Sublingual', 'Cada 8 horas', 'mg', 161.59, 'Lorazepam', '2020-10-25', '2020-10-28', 381),
(305, 'Subcutánea', 'Cada 12 horas', 'mcg', 391.93, 'Ciprofloxacino', '2021-08-18', NULL, 332),
(306, 'Inhalatoria', 'Cada 8 horas', 'cápsulas', 75.31, 'Amlodipino', '2021-12-04', '2022-01-05', 161),
(307, 'Inhalatoria', 'Una vez al día', 'comprimidos', 146.42, 'Metformina', '2020-11-12', '2020-12-18', 44),
(308, 'Tópica', 'En ayunas', 'g', 245.82, 'Dexametasona', '2024-05-09', NULL, 394),
(309, 'Sublingual', 'Una vez al día', 'UI', 311.02, 'Paracetamol', '2021-12-04', '2021-12-31', 161),
(310, 'Subcutánea', 'Cada 8 horas', 'mg', 299.81, 'Ibuprofeno', '2020-05-26', '2020-06-06', 339),
(311, 'Inhalatoria', 'Dos veces al día', 'mg', 181.05, 'Azitromicina', '2023-01-29', NULL, 141),
(312, 'Subcutánea', 'Cada 12 horas', 'ml', 206.78, 'Tramadol', '2021-08-22', NULL, 138),
(313, 'Intramuscular', 'Dos veces al día', 'cápsulas', 24.97, 'Metoprolol', '2020-01-24', '2020-01-28', 88),
(314, 'Inhalatoria', 'Cada 8 horas', 'cápsulas', 235.15, 'Levotiroxina', '2020-06-21', '2020-07-30', 107),
(315, 'Tópica', 'En ayunas', 'UI', 177.86, 'Ibuprofeno', '2023-03-29', '2023-05-01', 396),
(316, 'Intravenosa', 'Cada 24 horas', 'mg', 30.83, 'Tramadol', '2021-11-23', '2021-12-09', 25),
(317, 'Oral', 'Cada 8 horas', 'g', 312.98, 'Aspirina', '2020-06-10', '2020-07-11', 330),
(318, 'Intravenosa', 'Cada 6 horas', 'mcg', 359.23, 'Enalapril', '2022-03-16', NULL, 271),
(319, 'Intramuscular', 'Cada 6 horas', 'ml', 336.66, 'Atorvastatina', '2020-03-13', '2020-03-18', 357),
(320, 'Tópica', 'Una vez al día', 'mcg', 149.14, 'Ibuprofeno', '2020-04-24', '2020-04-29', 125),
(321, 'Inhalatoria', 'Tres veces al día', 'ml', 52.49, 'Lorazepam', '2023-03-02', '2023-03-05', 129),
(322, 'Intramuscular', 'Tres veces al día', 'ml', 177.66, 'Lorazepam', '2024-05-18', '2024-05-19', 192),
(323, 'Subcutánea', 'Cada 6 horas', 'cápsulas', 338.04, 'Furosemida', '2021-08-08', NULL, 279),
(324, 'Intravenosa', 'Cada 8 horas', 'cápsulas', 42.76, 'Simvastatina', '2021-06-03', '2021-06-21', 158),
(325, 'Tópica', 'Cada 8 horas', 'comprimidos', 113.32, 'Omeprazol', '2023-07-12', '2023-08-14', 189),
(326, 'Intravenosa', 'Una vez al día', 'g', 362.88, 'Atorvastatina', '2020-01-31', '2020-02-05', 239),
(327, 'Inhalatoria', 'Dos veces al día', 'mg', 145.2, 'Salbutamol', '2021-12-29', NULL, 30),
(328, 'Intravenosa', 'Cada 6 horas', 'comprimidos', 412.06, 'Enalapril', '2022-12-17', '2023-01-31', 270),
(329, 'Oral', 'Tres veces al día', 'cápsulas', 111.33, 'Atorvastatina', '2021-08-07', NULL, 53),
(330, 'Tópica', 'En ayunas', 'UI', 233.49, 'Heparina', '2021-07-19', NULL, 64),
(331, 'Intravenosa', 'Cada 6 horas', 'UI', 46.16, 'Fluoxetina', '2024-05-30', NULL, 102),
(332, 'Subcutánea', 'Dos veces al día', 'ml', 20.09, 'Levotiroxina', '2022-05-23', NULL, 18),
(333, 'Oral', 'En ayunas', 'comprimidos', 480.87, 'Simvastatina', '2022-12-14', '2023-01-09', 49),
(334, 'Sublingual', 'Cada 8 horas', 'mg', 455.8, 'Enalapril', '2021-08-10', '2021-09-03', 14),
(335, 'Subcutánea', 'Cada 12 horas', 'UI', 64.39, 'Insulina glargina', '2023-08-01', NULL, 269),
(336, 'Subcutánea', 'Dos veces al día', 'mcg', 318.6, 'Ranitidina', '2023-11-01', NULL, 136),
(337, 'Tópica', 'Cada 12 horas', 'cápsulas', 454.01, 'Dexametasona', '2020-12-05', '2020-12-16', 2),
(338, 'Tópica', 'Dos veces al día', 'ml', 443, 'Amoxicilina', '2021-06-19', NULL, 160),
(339, 'Oral', 'Una vez al día', 'mg', 269.85, 'Losartán', '2024-03-21', '2024-03-21', 119),
(340, 'Tópica', 'Cada 24 horas', 'comprimidos', 498.47, 'Enalapril', '2020-01-25', NULL, 88),
(341, 'Intravenosa', 'Cada 24 horas', 'mg', 120.45, 'Aspirina', '2024-04-17', '2024-04-21', 172),
(342, 'Oral', 'Una vez al día', 'ml', 260.08, 'Levotiroxina', '2020-11-24', '2020-11-25', 383),
(343, 'Sublingual', 'Dos veces al día', 'ml', 246.44, 'Simvastatina', '2020-09-14', '2020-09-16', 220),
(344, 'Tópica', 'Cada 12 horas', 'mg', 373.3, 'Levotiroxina', '2021-12-26', '2021-12-27', 400),
(345, 'Tópica', 'Cada 6 horas', 'g', 195.6, 'Heparina', '2023-09-05', '2023-09-06', 312),
(346, 'Subcutánea', 'Cada 24 horas', 'cápsulas', 228.09, 'Furosemida', '2022-04-16', NULL, 382),
(347, 'Intravenosa', 'Cada 6 horas', 'g', 448.8, 'Amlodipino', '2021-03-24', '2021-03-30', 27),
(348, 'Tópica', 'Cada 12 horas', 'mcg', 313.38, 'Ranitidina', '2023-08-20', '2023-08-29', 218),
(349, 'Intravenosa', 'Una vez al día', 'g', 374.96, 'Paracetamol', '2024-01-26', '2024-01-26', 60),
(350, 'Sublingual', 'En ayunas', 'comprimidos', 97.44, 'Metoprolol', '2022-12-07', '2023-01-09', 122),
(351, 'Intravenosa', 'Tres veces al día', 'mg', 106.37, 'Salbutamol', '2024-05-20', '2024-05-20', 192),
(352, 'Inhalatoria', 'Dos veces al día', 'mcg', 345.71, 'Ibuprofeno', '2023-12-17', '2024-01-23', 311),
(353, 'Inhalatoria', 'Cada 12 horas', 'comprimidos', 145.03, 'Prednisona', '2021-12-24', '2022-01-09', 94),
(354, 'Tópica', 'Cada 24 horas', 'mcg', 378.23, 'Sertralina', '2023-05-06', '2023-05-30', 294),
(355, 'Tópica', 'Tres veces al día', 'comprimidos', 390.37, 'Metoprolol', '2023-05-12', '2023-06-10', 283),
(356, 'Oral', 'Una vez al día', 'ml', 267.86, 'Amlodipino', '2023-02-28', '2023-03-15', 297),
(357, 'Intravenosa', 'Dos veces al día', 'UI', 51.92, 'Ibuprofeno', '2023-03-29', '2023-05-07', 396),
(358, 'Sublingual', 'Cada 6 horas', 'ml', 445.32, 'Omeprazol', '2024-01-05', NULL, 95),
(359, 'Intravenosa', 'Tres veces al día', 'mcg', 282.18, 'Paracetamol', '2023-07-03', '2023-08-02', 209),
(360, 'Intravenosa', 'Tres veces al día', 'cápsulas', 59.3, 'Lorazepam', '2020-09-07', '2020-09-18', 214),
(361, 'Intravenosa', 'Una vez al día', 'UI', 471.54, 'Alprazolam', '2024-01-23', '2024-02-13', 117),
(362, 'Inhalatoria', 'Dos veces al día', 'cápsulas', 122.36, 'Azitromicina', '2020-03-26', '2020-03-27', 71),
(363, 'Sublingual', 'Una vez al día', 'comprimidos', 2.03, 'Amlodipino', '2023-07-04', NULL, 209),
(364, 'Intravenosa', 'Tres veces al día', 'g', 15.45, 'Tramadol', '2021-06-11', '2021-06-28', 76),
(365, 'Inhalatoria', 'Cada 24 horas', 'mcg', 330.63, 'Amoxicilina', '2023-07-31', '2023-08-13', 282),
(366, 'Inhalatoria', 'Cada 12 horas', 'comprimidos', 108.71, 'Ciprofloxacino', '2021-12-24', NULL, 247),
(367, 'Sublingual', 'Cada 24 horas', 'comprimidos', 95.55, 'Azitromicina', '2021-12-05', '2021-12-12', 161),
(368, 'Intramuscular', 'Cada 6 horas', 'comprimidos', 133.89, 'Ciprofloxacino', '2024-01-20', '2024-02-08', 77),
(369, 'Sublingual', 'Una vez al día', 'cápsulas', 449.55, 'Warfarina', '2023-07-24', '2023-07-24', 16),
(370, 'Oral', 'Tres veces al día', 'UI', 195.64, 'Heparina', '2023-05-13', '2023-05-19', 200),
(371, 'Tópica', 'Cada 6 horas', 'mg', 41.07, 'Enalapril', '2022-08-26', '2022-10-19', 314),
(372, 'Oral', 'Cada 8 horas', 'mg', 187.91, 'Paracetamol', '2022-08-29', NULL, 314),
(373, 'Intramuscular', 'Cada 12 horas', 'comprimidos', 369, 'Paracetamol', '2020-12-17', '2021-01-26', 233),
(374, 'Tópica', 'Cada 6 horas', 'comprimidos', 291.44, 'Clopidogrel', '2020-10-12', '2020-10-17', 329),
(375, 'Intramuscular', 'Cada 6 horas', 'cápsulas', 140.26, 'Ibuprofeno', '2023-12-06', '2023-12-18', 254),
(376, 'Intravenosa', 'Cada 8 horas', 'cápsulas', 471.49, 'Heparina', '2023-08-13', '2023-09-08', 72),
(377, 'Inhalatoria', 'Cada 24 horas', 'UI', 69.03, 'Ibuprofeno', '2021-09-16', '2021-10-16', 285),
(378, 'Subcutánea', 'Cada 8 horas', 'ml', 282.93, 'Dexametasona', '2020-03-28', '2020-03-28', 309),
(379, 'Subcutánea', 'Una vez al día', 'mg', 485.16, 'Enalapril', '2024-04-23', NULL, 104),
(380, 'Intravenosa', 'Dos veces al día', 'g', 357.6, 'Metformina', '2024-04-22', '2024-04-25', 104),
(381, 'Subcutánea', 'Cada 12 horas', 'mcg', 5.82, 'Warfarina', '2024-02-02', NULL, 85),
(382, 'Tópica', 'Cada 24 horas', 'mg', 190.22, 'Losartán', '2024-01-02', NULL, 385),
(383, 'Tópica', 'Dos veces al día', 'ml', 234.13, 'Ciprofloxacino', '2023-05-04', '2023-05-10', 294),
(384, 'Subcutánea', 'Cada 12 horas', 'cápsulas', 272.82, 'Metoprolol', '2023-10-31', NULL, 136),
(385, 'Intravenosa', 'Dos veces al día', 'mg', 70.86, 'Simvastatina', '2023-08-12', NULL, 151),
(386, 'Sublingual', 'Cada 12 horas', 'mcg', 138.06, 'Paracetamol', '2022-12-07', NULL, 122),
(387, 'Intramuscular', 'Cada 12 horas', 'mcg', 235.46, 'Omeprazol', '2021-12-15', '2022-01-16', 73),
(388, 'Intravenosa', 'Cada 24 horas', 'mg', 7.5, 'Metformina', '2021-02-28', '2021-04-21', 328),
(389, 'Tópica', 'Cada 24 horas', 'mg', 314.32, 'Aspirina', '2021-07-09', NULL, 266),
(390, 'Tópica', 'Dos veces al día', 'cápsulas', 414.96, 'Tramadol', '2023-06-24', '2023-07-07', 375),
(391, 'Sublingual', 'Cada 6 horas', 'comprimidos', 411.36, 'Losartán', '2022-07-05', NULL, 59),
(392, 'Inhalatoria', 'Dos veces al día', 'mcg', 15.06, 'Losartán', '2023-05-05', '2023-05-08', 294),
(393, 'Sublingual', 'Tres veces al día', 'mcg', 340.53, 'Omeprazol', '2020-12-17', '2021-01-13', 233),
(394, 'Subcutánea', 'Cada 6 horas', 'mcg', 259.38, 'Tramadol', '2021-06-08', '2021-06-11', 76),
(395, 'Tópica', 'Cada 24 horas', 'mg', 329.63, 'Metformina', '2021-04-05', '2021-04-26', 93),
(396, 'Intravenosa', 'Cada 12 horas', 'mcg', 339.53, 'Fluoxetina', '2020-11-21', '2020-12-19', 188),
(397, 'Oral', 'Una vez al día', 'mcg', 284.93, 'Alprazolam', '2022-10-02', '2022-10-03', 38),
(398, 'Tópica', 'Cada 24 horas', 'g', 284.15, 'Clopidogrel', '2021-04-08', '2021-05-15', 387),
(399, 'Tópica', 'Una vez al día', 'ml', 215.27, 'Insulina glargina', '2022-06-02', '2022-06-03', 278),
(400, 'Intravenosa', 'Cada 24 horas', 'mg', 425.51, 'Tramadol', '2022-05-22', '2022-06-08', 18);

--
-- Restricciones para tablas volcadas
--

--
-- Filtros para la tabla `cita`
--
ALTER TABLE `cita`
  ADD CONSTRAINT `fk_cita_paciente` FOREIGN KEY (`idPaciente`) REFERENCES `paciente` (`idPaciente`) ON UPDATE CASCADE,
  ADD CONSTRAINT `fk_cita_personal` FOREIGN KEY (`idPersonal`) REFERENCES `personal` (`idPersonal`) ON UPDATE CASCADE;

--
-- Filtros para la tabla `doctor`
--
ALTER TABLE `doctor`
  ADD CONSTRAINT `fk_doctor_personal` FOREIGN KEY (`idPersonal`) REFERENCES `personal` (`idPersonal`) ON DELETE CASCADE ON UPDATE CASCADE;

--
-- Filtros para la tabla `enfermero`
--
ALTER TABLE `enfermero`
  ADD CONSTRAINT `fk_enfermero_personal` FOREIGN KEY (`idPersonal`) REFERENCES `personal` (`idPersonal`) ON DELETE CASCADE ON UPDATE CASCADE;

--
-- Filtros para la tabla `episodio`
--
ALTER TABLE `episodio`
  ADD CONSTRAINT `fk_episodio_departamento` FOREIGN KEY (`idDepartamento`) REFERENCES `departamento` (`idDepartamento`) ON UPDATE CASCADE,
  ADD CONSTRAINT `fk_episodio_paciente` FOREIGN KEY (`idPaciente`) REFERENCES `paciente` (`idPaciente`) ON UPDATE CASCADE;

--
-- Filtros para la tabla `estancia`
--
ALTER TABLE `estancia`
  ADD CONSTRAINT `fk_estancia_episodio` FOREIGN KEY (`idEpisodio`) REFERENCES `episodio` (`idEpisodio`) ON DELETE CASCADE ON UPDATE CASCADE,
  ADD CONSTRAINT `fk_estancia_habitacion` FOREIGN KEY (`idHabitacion`) REFERENCES `habitacion` (`idHabitacion`) ON UPDATE CASCADE;

--
-- Filtros para la tabla `personal`
--
ALTER TABLE `personal`
  ADD CONSTRAINT `fk_personal_departamento` FOREIGN KEY (`idDepartamento`) REFERENCES `departamento` (`idDepartamento`) ON UPDATE CASCADE;

--
-- Filtros para la tabla `personalnomedico`
--
ALTER TABLE `personalnomedico`
  ADD CONSTRAINT `fk_nomedico_personal` FOREIGN KEY (`idPersonal`) REFERENCES `personal` (`idPersonal`) ON DELETE CASCADE ON UPDATE CASCADE;

--
-- Filtros para la tabla `tratamiento`
--
ALTER TABLE `tratamiento`
  ADD CONSTRAINT `fk_tratamiento_episodio` FOREIGN KEY (`idEpisodio`) REFERENCES `episodio` (`idEpisodio`) ON DELETE CASCADE ON UPDATE CASCADE;
COMMIT;

/*!40101 SET CHARACTER_SET_CLIENT=@OLD_CHARACTER_SET_CLIENT */;
/*!40101 SET CHARACTER_SET_RESULTS=@OLD_CHARACTER_SET_RESULTS */;
/*!40101 SET COLLATION_CONNECTION=@OLD_COLLATION_CONNECTION */;
